Date,SET_return,SET_lag_1,SET_lag_2,SET_lag_3,SET_lag_4,SET_lag_5,SET_lag_6,SET_lag_7,SET_lag_8,SET_lag_9,SET_lag_10,SET_lag_11,SET_lag_12,SET_OH_lag_1,SET_OL_lag_1,SET_MACD_lag_1,SET_MACD_Hist_lag_1,SET_RSI_lag_1,SET_MFI_lag_1,SET_ATR_lag_1,SET_OBV_lag_1,LeadingEconomicIndex,AuthorizedCapitalofNewlyRegisteredCompanies,ConstructionAreasPermitted,Exports,NumberofForeignTourists,MoneySupply
2016-01-01,0.006949649008865104,0.0019428497310647528,-0.0007498986247295145,0.002533715538900557,-0.003005160182406003,0.010617414059344962,0.011249597763782608,-0.003735001964562247,0.00027411541540403627,0.004062593215923048,0.0024532648062686067,-0.0024670357874693937,-0.006486451996147955,0.007223788053285174,-0.00017891673373128557,-0.264060276342711,-1.4846901694971002,-1.114519504581312,-0.7118241499575977,0.19373719301682468,-1.9293487156795892,-0.5019765644590773,0.9000885439567359,-2.0532008765519265,2.2154982077985714,2.2150598495592106,-1.7448552426382806
2016-02-01,-0.007522136866582571,0.006949649008865104,0.0019428497310647528,-0.0007498986247295145,0.002533715538900557,-0.003005160182406003,0.010617414059344962,0.011249597763782608,-0.003735001964562247,0.00027411541540403627,0.004062593215923048,0.0024532648062686067,-0.0024670357874693937,0.006972730801638202,-0.00367555494760481,-0.4284784386947961,-1.4900444346959516,-0.9887274037353551,-1.094983493020429,0.17950273727948898,-1.6272597943298217,-0.22540545456426908,0.022668293959230725,-2.254407035674924,2.266477785312286,2.336310543322425,-1.6950382934959987
2016-03-01,0.0006039868781121535,-0.007522136866582571,0.006949649008865104,0.0019428497310647528,-0.0007498986247295145,0.002533715538900557,-0.003005160182406003,0.010617414059344962,0.011249597763782608,-0.003735001964562247,0.00027411541540403627,0.004062593215923048,0.0024532648062686067,0.0011241101241088588,-0.008122787684375549,-0.5024454978708319,-1.3094652018504072,-0.6852316228804844,-0.8387036363569503,-0.1600807224690553,-1.386491274170469,-0.2205955222182768,-0.18363230825915072,-2.3311239170144837,2.4281158829366034,2.445790716742367,-1.6698581352931163
2016-04-01,0.003894746925807436,0.0006039868781121535,-0.007522136866582571,0.006949649008865104,0.0019428497310647528,-0.0007498986247295145,0.002533715538900557,-0.003005160182406003,0.010617414059344962,0.011249597763782608,-0.003735001964562247,0.00027411541540403627,0.004062593215923048,0.004305370788163446,-0.0034462170671884767,-0.43452501661236304,-0.8750141305495974,-0.03461607812878971,-0.9752110423599255,-0.2368211098774929,-1.1426544622647152,-0.27831471037023187,-0.009397265143480724,-2.152183176930195,2.297558449306955,2.4195042344497226,-1.6454685928512833
2016-05-01,-0.0021111253179108753,0.003894746925807436,0.0006039868781121535,-0.007522136866582571,0.006949649008865104,0.0019428497310647528,-0.0007498986247295145,0.002533715538900557,-0.003005160182406003,0.010617414059344962,0.011249597763782608,-0.003735001964562247,0.00027411541540403627,0.003894746925807436,-0.003508290539893502,-0.3814609214243777,-0.5578165386075968,-0.059371064547108665,-1.5676594284174152,-0.23545537155674867,-1.4996182518963674,-0.6366546701469838,-0.5033728741977699,-2.30085257662165,2.315076075140836,2.379150295741888,-1.6074602635338169
2016-06-01,-0.003840434152168376,-0.0021111253179108753,0.003894746925807436,0.0006039868781121535,-0.007522136866582571,0.006949649008865104,0.0019428497310647528,-0.0007498986247295145,0.002533715538900557,-0.003005160182406003,0.010617414059344962,0.011249597763782608,-0.003735001964562247,0.0007003831190296627,-0.004986944540203704,-0.30429017773850436,-0.2547896485660136,0.10724898656329862,-0.23913410459267903,-0.5739353403897994,-1.1580837595560944,-0.8987959830038017,-0.2968752841312199,-2.4221170916778325,2.287853863368549,2.40900168321992,-1.6550974943299168
2016-07-01,-0.001992697996558756,-0.003840434152168376,-0.0021111253179108753,0.003894746925807436,0.0006039868781121535,-0.007522136866582571,0.006949649008865104,0.0019428497310647528,-0.0007498986247295145,0.002533715538900557,-0.003005160182406003,0.010617414059344962,0.011249597763782608,0.0010541525207575226,-0.009607894986731964,-0.20745100144770065,0.02782991906604255,0.2823376456845728,-0.09435712398389229,-0.5621701138887015,-0.7847153617324302,-0.6775390950879523,-0.3289899720977431,-2.1567683864330123,2.33061634097475,2.3758644333058676,-1.5966621422231555
2016-08-01,0.0017581324049257558,-0.001992697996558756,-0.003840434152168376,-0.0021111253179108753,0.003894746925807436,0.0006039868781121535,-0.007522136866582571,0.006949649008865104,0.0019428497310647528,-0.0007498986247295145,0.002533715538900557,-0.003005160182406003,0.010617414059344962,0.002119400736930633,-0.0033452145865211402,-0.0030804460912119786,0.47369663684116,0.8788654849381982,0.38039389451553296,-0.29854029933284165,-0.40317192005532393,-0.3384388646951899,-0.4062847914472039,-2.218022082611668,2.332593634811296,2.5114789245844373,-1.555677470378281
2016-09-01,-0.001758140608493873,0.0017581324049257558,-0.001992697996558756,-0.003840434152168376,-0.0021111253179108753,0.003894746925807436,0.0006039868781121535,-0.007522136866582571,0.006949649008865104,0.0019428497310647528,-0.0007498986247295145,0.002533715538900557,-0.003005160182406003,0.0019324988647020263,-0.0043374353802382885,0.1958297100936122,0.8192301269005239,1.042058746754093,0.37212970675770507,-0.2563088492119457,-0.09324113559456662,-0.2999594059272176,-0.2761575477831945,-2.1256796582655615,2.332600251153396,2.4224189862081302,-1.5383992812880798
2016-10-01,0.0011237904125664451,-0.001758140608493873,0.0017581324049257558,-0.001992697996558756,-0.003840434152168376,-0.0021111253179108753,0.003894746925807436,0.0006039868781121535,-0.007522136866582571,0.006949649008865104,0.0019428497310647528,-0.0007498986247295145,0.002533715538900557,0.002903312847383188,-0.004289642329268151,0.24509103540855737,0.7898068217677621,0.407922752079448,0.35216294941651954,-0.3215994764356262,-0.33983728983099304,-0.12680184147133872,-0.17498562822827177,-1.8789405212592802,2.332606867495496,2.430626412605098,-1.5434659317843524
2016-11-01,0.007864003406743215,0.0011237904125664451,-0.001758140608493873,0.0017581324049257558,-0.001992697996558756,-0.003840434152168376,-0.0021111253179108753,0.003894746925807436,0.0006039868781121535,-0.007522136866582571,0.006949649008865104,0.0019428497310647528,-0.0007498986247295145,0.0024066593077444443,-0.0020099970061146426,0.30070661054631415,0.7792549007419647,0.5028942034647162,0.8583559250817352,-0.6438489597696146,-0.107879885851582,-0.6053901098980068,-0.43043776911868603,-2.198337593464044,2.332613483837596,2.134221593456029,-1.4721611592195838
2016-12-01,0.0022254590410658664,0.007864003406743215,0.0011237904125664451,-0.001758140608493873,0.0017581324049257558,-0.001992697996558756,-0.003840434152168376,-0.0021111253179108753,0.003894746925807436,0.0006039868781121535,-0.007522136866582571,0.006949649008865104,0.0019428497310647528,0.008942723273838984,-0.0015762346297903687,0.3638770634855645,0.786253912947606,0.6157292566822266,1.3215208790423725,-0.7385016785058994,0.18225087575999066,-0.36970342494416697,-0.38875617971065496,-2.1120583948707465,2.450949938137993,2.038215939863435,-1.4790681526853826
2017-01-01,-0.005645528106507778,0.0022254590410658664,0.007864003406743215,0.0011237904125664451,-0.001758140608493873,0.0017581324049257558,-0.001992697996558756,-0.003840434152168376,-0.0021111253179108753,0.003894746925807436,0.0006039868781121535,-0.007522136866582571,0.006949649008865104,0.004581822782680705,-0.0009487782653939037,0.4612826363694848,0.8618223613703176,0.8652268691454786,1.3348103036379826,-0.8097278172953688,0.4089985444937848,-0.3552736279061765,-0.18525214358617667,-2.0124266631099053,2.4249538668836537,2.2668940321084325,-1.4924486635483678
2017-02-01,5.134793014174973e-05,-0.005645528106507778,0.0022254590410658664,0.007864003406743215,0.0011237904125664451,-0.001758140608493873,0.0017581324049257558,-0.001992697996558756,-0.003840434152168376,-0.0021111253179108753,0.003894746925807436,0.0006039868781121535,-0.007522136866582571,0.00039708985443242037,-0.006565283986591801,0.587068055320808,0.9802794354438006,1.1124894720447889,1.7563921716485067,-0.7934966906046067,0.6833001919230355,-0.5284311923620622,-0.3757134111544614,-2.322664513401839,2.405795189718742,2.5059847445100845,-1.4910296326074959
2017-03-01,-0.004984032433291596,5.134793014174973e-05,-0.005645528106507778,0.0022254590410658664,0.007864003406743215,0.0011237904125664451,-0.001758140608493873,0.0017581324049257558,-0.001992697996558756,-0.003840434152168376,-0.0021111253179108753,0.003894746925807436,0.0006039868781121535,0.0028686215358283986,-0.0009943683176283165,0.6504116732392663,0.9474274527671317,0.9093553672045496,1.6065188572849016,-1.0825491148690085,0.41636789673366037,-0.42020771457713363,-0.031030498972922396,-2.3465871021753872,2.5057670602330537,2.347800677750268,-1.4717449991770515
2017-04-01,-0.001429153704435568,-0.004984032433291596,5.134793014174973e-05,-0.005645528106507778,0.0022254590410658664,0.007864003406743215,0.0011237904125664451,-0.001758140608493873,0.0017581324049257558,-0.001992697996558756,-0.003840434152168376,-0.0021111253179108753,0.003894746925807436,0.0012500115300076579,-0.005238030708135428,0.7172965266063881,0.9283833919697375,1.0290183426356652,1.6162333887474623,-1.0215140769574313,0.6910572453904918,-0.06427272097338456,-0.03842203101199382,-2.1773710371904795,2.5464617324427823,2.462694268297338,-1.4368210903503853
2017-05-01,-0.006637518533029956,-0.001429153704435568,-0.004984032433291596,5.134793014174973e-05,-0.005645528106507778,0.0022254590410658664,0.007864003406743215,0.0011237904125664451,-0.001758140608493873,0.0017581324049257558,-0.001992697996558756,-0.003840434152168376,-0.0021111253179108753,0.0003569111699066929,-0.0036661910883502057,0.7473192299190309,0.8378098188631294,0.9199217371197007,1.2537694301589393,-1.1826122091688809,0.474350432667872,0.01028123038956394,-0.19621024218081715,-2.227797144628662,2.524723211166289,2.5552928081903197,-1.3464573145837053
2017-06-01,-0.0021884105410094447,-0.006637518533029956,-0.001429153704435568,-0.004984032433291596,5.134793014174973e-05,-0.005645528106507778,0.0022254590410658664,0.007864003406743215,0.0011237904125664451,-0.001758140608493873,0.0017581324049257558,-0.001992697996558756,-0.003840434152168376,0.0015127177920399762,-0.008842773135967597,0.7547155948891345,0.7191075801878827,0.859506618434267,0.8488747576337021,-1.5205151054720396,0.22478896982362068,0.19065369336443802,0.1208211503543333,-2.2271533117924913,2.4901799506970734,2.534088153991013,-1.3044188140141315
2017-07-01,-0.0038881819499091783,-0.0021884105410094447,-0.006637518533029956,-0.001429153704435568,-0.004984032433291596,5.134793014174973e-05,-0.005645528106507778,0.0022254590410658664,0.007864003406743215,0.0011237904125664451,-0.001758140608493873,0.0017581324049257558,-0.001992697996558756,0.0012728067815223636,-0.0070134977187190205,0.7726335857580487,0.6456497347508986,0.9791472791757383,1.3508404992630254,-1.4937793351621433,0.4628738705483125,-1.584211342308322,0.43360289616976205,0.32135539708145006,-0.41986634304333376,-0.41951060238232235,-1.250343199689832
2017-08-01,0.0028689297717322745,-0.0038881819499091783,-0.0021884105410094447,-0.006637518533029956,-0.001429153704435568,-0.004984032433291596,5.134793014174973e-05,-0.005645528106507778,0.0022254590410658664,0.007864003406743215,0.0011237904125664451,-0.001758140608493873,0.0017581324049257558,0.00040442242600303925,-0.007887028299991829,0.7798403809489323,0.5649920729491196,0.9918803236533473,1.327120887791168,-1.5495104353323128,0.7179146421479831,-1.704459650958238,-0.2156836955742241,0.12569739744232514,-0.419853375012818,-0.4195106329088237,-1.222843256027189
2017-09-01,0.004108445575254851,0.0028689297717322745,-0.0038881819499091783,-0.0021884105410094447,-0.006637518533029956,-0.001429153704435568,-0.004984032433291596,5.134793014174973e-05,-0.005645528106507778,0.0022254590410658664,0.007864003406743215,0.0011237904125664451,-0.001758140608493873,0.0032648608320395523,-0.002329692777539943,0.8404465773218256,0.6096028605550871,1.3590827441993105,1.2945762707337902,-1.4816454234336143,0.9827509275757496,-1.589021274654321,0.6433746415736162,-0.04963787875940675,-0.41985013300518903,-0.4195114571243617,-1.1894370219483825
2017-10-01,0.00020333290862112834,0.004108445575254851,0.0028689297717322745,-0.0038881819499091783,-0.0021884105410094447,-0.006637518533029956,-0.001429153704435568,-0.004984032433291596,5.134793014174973e-05,-0.005645528106507778,0.0022254590410658664,0.007864003406743215,0.0011237904125664451,0.006090716721801794,-0.0011228741183461602,0.9692227742560245,0.784616343198063,1.7963237197469426,1.2923075717449202,-1.613171794446598,1.3264147477518762,-1.5697815452703314,0.12138943903861796,0.3909397303055168,-0.4198360401965163,-0.41951077536583026,-1.2073930919760596
2017-11-01,-0.0030294907668888286,0.00020333290862112834,0.004108445575254851,0.0028689297717322745,-0.0038881819499091783,-0.0021884105410094447,-0.006637518533029956,-0.001429153704435568,-0.004984032433291596,5.134793014174973e-05,-0.005645528106507778,0.0022254590410658664,0.007864003406743215,0.0031906835620333653,-0.0019717131564046322,1.1359020329795684,1.002092853998126,2.1033223975038524,1.3061133927700554,-1.462316058449032,1.631808216283602,-1.6852199215742483,0.3857173705267259,-0.461091849443801,-0.41984106861651227,-0.4195107550148293,-1.1941326491532558
2017-12-01,0.003501573015362744,-0.0030294907668888286,0.00020333290862112834,0.004108445575254851,0.0028689297717322745,-0.0038881819499091783,-0.0021884105410094447,-0.006637518533029956,-0.001429153704435568,-0.004984032433291596,5.134793014174973e-05,-0.005645528106507778,0.0022254590410658664,0.0034477159299595678,-0.006328196820272049,1.215080297196159,0.9972408066898534,1.731809620169927,1.196054923750723,-1.669322875180189,1.3366979170302886,-1.5288971203293629,1.3235089634692867,0.027330937168220056,-0.41981327997969276,-0.4195122508133983,-1.1495825486588358
2018-01-01,0.0035698612083911972,0.003501573015362744,-0.0030294907668888286,0.00020333290862112834,0.004108445575254851,0.0028689297717322745,-0.0038881819499091783,-0.0021884105410094447,-0.006637518533029956,-0.001429153704435568,-0.004984032433291596,5.134793014174973e-05,-0.005645528106507778,0.0035129884816769833,-0.0010362183566135828,1.353051786490303,1.1135199044733424,2.0844719393319644,1.2020422110722635,-1.4491850936271895,1.5459929726912662,-1.165747228206612,3.8868211322452946,0.5815198483584948,-0.41983180573757245,-0.4195114062468594,-1.1033875059775875
2018-02-01,0.0008254239023486572,0.0035698612083911972,0.003501573015362744,-0.0030294907668888286,0.00020333290862112834,0.004108445575254851,0.0028689297717322745,-0.0038881819499091783,-0.0021884105410094447,-0.006637518533029956,-0.001429153704435568,-0.004984032433291596,5.134793014174973e-05,0.007612358860146914,-0.0004670388104392864,1.5623940576879558,1.352409745466662,2.4538695695959234,1.2486234316890892,-1.1109147944799997,1.8718437388095597,-1.584211342308322,-0.33087104071023005,-0.2123428342793865,-0.4198134123065348,-0.4195114062468594,-1.065991051957229
2018-03-01,0.0010815322174692302,0.0008254239023486572,0.0035698612083911972,0.003501573015362744,-0.0030294907668888286,0.00020333290862112834,0.004108445575254851,0.0028689297717322745,-0.0038881819499091783,-0.0021884105410094447,-0.006637518533029956,-0.001429153704435568,-0.004984032433291596,0.006236630281020958,-0.0016145143276171245,1.7136595929797966,1.4248252327469573,2.468942393499392,1.335774918966337,-1.2262100388022208,2.2374247940073633,-1.3437147250084898,-0.3402395371248056,0.19141873364936693,-0.4198265788273135,-0.41950982904428663,-1.0426211076414011
2018-04-01,-0.0011172785788639344,0.0010815322174692302,0.0008254239023486572,0.0035698612083911972,0.003501573015362744,-0.0030294907668888286,0.00020333290862112834,0.004108445575254851,0.0028689297717322745,-0.0038881819499091783,-0.0021884105410094447,-0.006637518533029956,-0.001429153704435568,0.00153184281502457,-0.011569488534980684,1.7264388240427684,1.1997213344804263,1.686019826124473,0.72215691224339,-1.0567078069804445,1.8428933612063003,-1.0743585136326768,-0.09160638805288658,1.5450240855077964,-0.41983610635993734,-0.4195105108028181,-0.9821616004057454
2018-05-01,-0.001764569540643145,-0.0011172785788639344,0.0010815322174692302,0.0008254239023486572,0.0035698612083911972,0.003501573015362744,-0.0030294907668888286,0.00020333290862112834,0.004108445575254851,0.0028689297717322745,-0.0038881819499091783,-0.0021884105410094447,-0.006637518533029956,0.0013458334507646104,-0.00289967964145395,1.722758794086249,0.9859990183334517,1.7106469805288813,1.1604249673841496,-1.115222320319793,2.1438736993584544,-1.3557395558734842,0.2686659629233987,-0.31467306540574347,-0.4198228736757376,-0.4195104090478134,-0.9902388441007945
2018-06-01,-0.005581141147027002,-0.001764569540643145,-0.0011172785788639344,0.0010815322174692302,0.0008254239023486572,0.0035698612083911972,0.003501573015362744,-0.0030294907668888286,0.00020333290862112834,0.004108445575254851,0.0028689297717322745,-0.0038881819499091783,-0.0021884105410094447,0.0024593781443975485,-0.005628439222554756,1.6152041154872123,0.6027236740341785,1.0058640225385431,0.5061418062320904,-0.9345312933351108,1.657981078061146,-1.4591531013124066,-0.23090136113993284,-0.020878145894974342,-0.4198062004936459,-0.4195099715012932,-0.9819783435903344
2018-07-01,-0.0013212639948054477,-0.005581141147027002,-0.001764569540643145,-0.0011172785788639344,0.0010815322174692302,0.0008254239023486572,0.0035698612083911972,0.003501573015362744,-0.0030294907668888286,0.00020333290862112834,0.004108445575254851,0.0028689297717322745,-0.0038881819499091783,0.0033287894886080698,-0.01243589201033733,1.3025154336064197,-0.12314648444142863,-0.2803476474110897,0.3300207595119556,-0.25168842182261014,1.2385913329573055,-1.5409219511943504,-0.11736691883544167,-0.15335654939333196,-0.4198099718086428,-0.4195107651903298,-0.945257254732411
2018-08-01,0.004132632038980208,-0.0013212639948054477,-0.005581141147027002,-0.001764569540643145,-0.0011172785788639344,0.0010815322174692302,0.0008254239023486572,0.0035698612083911972,0.003501573015362744,-0.0030294907668888286,0.00020333290862112834,0.004108445575254851,0.0028689297717322745,0.0032457753726090554,-0.004971182529877052,1.2121539222743507,-0.24945358377095386,0.531172937733356,0.7395905043516576,0.26191510646506466,1.6100545427173112,-1.4928226277343868,-0.05998157154571771,-0.25662173776873765,-0.4198249909052096,-0.41951092799833734,-0.9300557710295368
2018-09-01,-0.0006772555846034383,0.004132632038980208,-0.0013212639948054477,-0.005581141147027002,-0.001764569540643145,-0.0011172785788639344,0.0010815322174692302,0.0008254239023486572,0.0035698612083911972,0.003501573015362744,-0.0030294907668888286,0.00020333290862112834,0.004108445575254851,0.004370776864275368,-0.000910274038652751,1.1589847779782796,-0.2744860461168633,0.662595024841991,0.8340269837188126,0.2706346723917329,2.02573689483241,-1.6756000568822569,-0.7321981156880245,0.02756047757068089,-0.4198063989839089,-0.4195110399288425,-0.942842338183472
2018-10-01,0.010855017198932932,-0.0006772555846034383,0.004132632038980208,-0.0013212639948054477,-0.005581141147027002,-0.001764569540643145,-0.0011172785788639344,0.0010815322174692302,0.0008254239023486572,0.0035698612083911972,0.003501573015362744,-0.0030294907668888286,0.00020333290862112834,0.000767784152291988,-0.003710796533509715,1.159582154168748,-0.18462478586781209,0.889772748740849,0.8851547229832618,0.39827413932004413,2.3667049799105144,-1.3605494882194764,0.6395799092370753,0.5601557952904246,-0.4198336583133604,-0.41951191502188284,-0.9106210408398058
2018-11-01,0.0006702803944782249,0.010855017198932932,-0.0006772555846034383,0.004132632038980208,-0.0013212639948054477,-0.005581141147027002,-0.001764569540643145,-0.0011172785788639344,0.0010815322174692302,0.0008254239023486572,0.0035698612083911972,0.003501573015362744,-0.0030294907668888286,0.01096288675877795,-0.001090752440601391,1.0072062596357607,-0.42538031651853864,0.14860776420375274,0.43104822287571437,0.7471542375251483,1.9581890426739788,-1.6611702598442666,-0.2702942068444233,0.014000798186282184,-0.4198253217223145,-0.4195124339724068,-0.852408615841586
2018-12-01,0.008353855318226485,0.0006702803944782249,0.010855017198932932,-0.0006772555846034383,0.004132632038980208,-0.0013212639948054477,-0.005581141147027002,-0.001764569540643145,-0.0011172785788639344,0.0010815322174692302,0.0008254239023486572,0.0035698612083911972,0.003501573015362744,0.004372740297799432,-0.004434765710969286,0.8325927148195039,-0.6634337262444387,-0.05791972054806704,0.023262644559496847,0.6175719597462006,1.6505965812420682,-0.7160185538559246,1.5208067013941533,0.7573981835611704,-0.4198227413488956,-0.41950810938470734,-0.8136781921784787
2019-01-01,0.0008470354101482923,0.008353855318226485,0.0006702803944782249,0.010855017198932932,-0.0006772555846034383,0.004132632038980208,-0.0013212639948054477,-0.005581141147027002,-0.001764569540643145,-0.0011172785788639344,0.0010815322174692302,0.0008254239023486572,0.0035698612083911972,0.008443381612186104,-0.0007547283377705392,0.5616828635829906,-1.0506854401397503,-0.5940236683035646,-0.36724986176541974,0.8210599164284162,1.3348018157141512,-1.0887883106706673,0.3426993815444293,0.03617664048256769,-0.4198421272312482,-0.41951252555191104,-0.7080492086624107
2019-02-01,-0.007741430989260972,0.0008470354101482923,0.008353855318226485,0.0006702803944782249,0.010855017198932932,-0.0006772555846034383,0.004132632038980208,-0.0013212639948054477,-0.005581141147027002,-0.001764569540643145,-0.0011172785788639344,0.0010815322174692302,0.0008254239023486572,0.005780843306241496,-0.00026823733031585626,0.46720144870606506,-0.9999049470858794,-0.00996852662281155,0.08014717287394603,1.1173090763322713,1.748791003874425,-1.1537223973416244,-0.3401285247883077,0.2734766282559439,-0.41985271337860797,-0.4195122304623974,-0.6769557747530923
2019-03-01,-0.0004027103270897753,-0.007741430989260972,0.0008470354101482923,0.008353855318226485,0.0006702803944782249,0.010855017198932932,-0.0006772555846034383,0.004132632038980208,-0.0013212639948054477,-0.005581141147027002,-0.001764569540643145,-0.0011172785788639344,0.0010815322174692302,0.00024603995017411423,-0.008207235772905821,0.40645305090938644,-0.8903375044932945,0.07279310853516713,0.1950744791862067,0.952744020599571,2.1839159667695327,-1.2475160780885555,-0.3696478860453877,0.10541946237614351,-0.41985496293492197,-0.41951161993236924,-0.6722479701264781
2019-04-01,0.003291898287901119,-0.0004027103270897753,-0.007741430989260972,0.0008470354101482923,0.008353855318226485,0.0006702803944782249,0.010855017198932932,-0.0006772555846034383,0.004132632038980208,-0.0013212639948054477,-0.005581141147027002,-0.001764569540643145,-0.0011172785788639344,0.0030210712648385315,-0.0024858807436960264,0.3303739584850024,-0.8340162004270409,-0.03877110060957924,-0.21926550992685287,0.6254515645460261,1.8482787735706647,-1.3148551309325087,-0.34089852524997355,0.22837473844557418,-0.41985727865465694,-0.4195106329088237,-0.7436602050926608
2019-05-01,-0.00022215833200371656,0.003291898287901119,-0.0004027103270897753,-0.007741430989260972,0.0008470354101482923,0.008353855318226485,0.0006702803944782249,0.010855017198932932,-0.0006772555846034383,0.004132632038980208,-0.0013212639948054477,-0.005581141147027002,-0.001764569540643145,0.005154493499689572,-0.0004377287074254536,0.3225285565956406,-0.6495041359767801,0.22514058300214407,-0.25430062176966345,0.7494137970755258,2.1909733406778393,-1.4904176615613907,-0.43397363013437273,-0.5556009112472827,-0.41985562456913195,-0.41950966623627917,-0.745164799148486
2019-06-01,-0.0008954049502383037,-0.00022215833200371656,0.003291898287901119,-0.0004027103270897753,-0.007741430989260972,0.0008470354101482923,0.008353855318226485,0.0006702803944782249,0.010855017198932932,-0.0006772555846034383,0.004132632038980208,-0.0013212639948054477,-0.005581141147027002,0.004156525212091413,-0.005202957903498153,0.2274118522600199,-0.6802582990824169,-0.1889925888916215,-0.2733954507034163,0.6714121855934242,1.727942976144436,-1.2595409089535499,0.21428172786248664,0.00689624280279695,-0.41985688167413093,-0.41950985957078807,-0.7725645801718692
2019-07-01,0.004642811855090277,-0.0008954049502383037,-0.00022215833200371656,0.003291898287901119,-0.0004027103270897753,-0.007741430989260972,0.0008470354101482923,0.008353855318226485,0.0006702803944782249,0.010855017198932932,-0.0006772555846034383,0.004132632038980208,-0.0013212639948054477,0.002145621992939434,-0.0014041077194266863,0.3260092972263267,-0.3089514774809353,0.5776515197437563,-0.20752114477562628,1.2342329475721878,2.1432436848636356,-1.2330862810505652,-0.4289988602805055,0.12658196777375985,-0.4198614469501798,-0.4195111111573458,-0.7287364736597239
2019-08-01,0.004760779867253891,0.004642811855090277,-0.0008954049502383037,-0.00022215833200371656,0.003291898287901119,-0.0004027103270897753,-0.007741430989260972,0.0008470354101482923,0.008353855318226485,0.0006702803944782249,0.010855017198932932,-0.0006772555846034383,0.004132632038980208,0.007023241390729876,-0.0007749700135366267,0.37003660375633357,-0.12343567296659685,0.4326193887501243,-0.21828213537504182,1.065203274033223,1.6352066598566148,-1.2186564840125746,-0.18036287685105884,-0.19865438832775387,-0.41986038833544387,-0.4195115995813683,-0.6908478845287779
2019-09-01,-0.003603298805439471,0.004760779867253891,0.004642811855090277,-0.0008954049502383037,-0.00022215833200371656,0.003291898287901119,-0.0004027103270897753,-0.007741430989260972,0.0008470354101482923,0.008353855318226485,0.0006702803944782249,0.010855017198932932,-0.0006772555846034383,0.004766828337927719,-0.002443707736822541,0.30903041742138865,-0.18968894965128558,0.0013653069987954291,-0.33603338606052224,0.6798695041148413,1.0252375300700916,-1.086383344497671,-0.3624528694615636,0.21274359689262584,-0.4198580726157089,-0.41951266800891757,-0.5940242742371411
2019-10-01,-0.0032541458693115624,-0.003603298805439471,0.004760779867253891,0.004642811855090277,-0.0008954049502383037,-0.00022215833200371656,0.003291898287901119,-0.0004027103270897753,-0.007741430989260972,0.0008470354101482923,0.008353855318226485,0.0006702803944782249,0.010855017198932932,0.0011739308831495204,-0.00551078331592547,0.2292755962944174,-0.28100975724750993,-0.12676586040517196,-0.8040478363129671,0.19042864384544397,0.570236821429787,-0.963730069674752,-0.00206147546911887,0.1188671708325126,-0.41986627687991274,-0.4195126476579166,-0.5237462925062737
2019-11-01,-0.0021667035646998306,-0.0032541458693115624,-0.003603298805439471,0.004760779867253891,0.004642811855090277,-0.0008954049502383037,-0.00022215833200371656,0.003291898287901119,-0.0004027103270897753,-0.007741430989260972,0.0008470354101482923,0.008353855318226485,0.0006702803944782249,0.002064244886677051,-0.004041228963525043,0.10694422375964878,-0.44108373790692673,-0.3821822954416596,-1.372256958119654,0.2786207150137381,-0.10266409277428415,-0.5741255496490297,2.2708660406745915,-0.04925717760410555,-0.4198595282109709,-0.41951188449538146,-0.4657358588184502
2019-12-01,-0.0007656597106008988,-0.0021667035646998306,-0.0032541458693115624,-0.003603298805439471,0.004760779867253891,0.004642811855090277,-0.0008954049502383037,-0.00022215833200371656,0.003291898287901119,-0.0004027103270897753,-0.007741430989260972,0.0008470354101482923,0.008353855318226485,0.0003136192235085516,-0.008796247805017886,-0.0076937699244895436,-0.5534193069846626,-0.4598709293281314,-1.8263367734754177,0.19478874740462773,-0.7064905812363245,-1.0094244269617263,-0.2245429524196734,0.38816844983678145,-0.4198700481949097,-0.41951428591349216,-0.438798853275657
2020-01-01,-0.009674719368357836,-0.0007656597106008988,-0.0021667035646998306,-0.0032541458693115624,-0.003603298805439471,0.004760779867253891,0.004642811855090277,-0.0008954049502383037,-0.00022215833200371656,0.003291898287901119,-0.0004027103270897753,-0.007741430989260972,0.0008470354101482923,0.00177568223514309,-0.003249957552597514,-0.11475816128742806,-0.627808944320384,-0.5393227245001228,-1.7214940044163685,-0.2909235831299672,-0.7575247842324867,-1.1825819914176052,-0.22424959641556627,0.3405248199601377,-0.41986647537017574,-0.41951582241406304,-0.4425364117887687
2020-02-01,-0.005905558642886858,-0.009674719368357836,-0.0007656597106008988,-0.0021667035646998306,-0.0032541458693115624,-0.003603298805439471,0.004760779867253891,0.004642811855090277,-0.0008954049502383037,-0.00022215833200371656,0.003291898287901119,-0.0004027103270897753,-0.007741430989260972,0.002110443959638888,-0.009674719368357836,-0.3024316317498849,-0.8520683139794708,-0.9949552704426606,-1.6482868617876996,-0.13308206356220847,-0.8406473216426403,-1.1994167546285919,-0.39224999775634883,0.293989702270988,-0.41987044517543565,-0.4195150694270283,-0.40495760422329413
2020-03-01,0.015277809167450277,-0.005905558642886858,-0.009674719368357836,-0.0007656597106008988,-0.0021667035646998306,-0.0032541458693115624,-0.003603298805439471,0.004760779867253891,0.004642811855090277,-0.0008954049502383037,-0.00022215833200371656,0.003291898287901119,-0.0004027103270897753,0.0064237590830279745,-0.008534873481606517,-0.7234853582473215,-1.5084549720118292,-1.86890214403945,-1.5867309670605645,0.3136022105840911,-0.9865714000892013,-1.1801770252446022,0.05979459842747996,0.43532500617649644,-0.4198842733304244,-0.41951665680510153,-0.42264346930615604
2020-04-01,0.0028696701420934108,0.015277809167450277,-0.005905558642886858,-0.009674719368357836,-0.0007656597106008988,-0.0021667035646998306,-0.0032541458693115624,-0.003603298805439471,0.004760779867253891,0.004642811855090277,-0.0008954049502383037,-0.00022215833200371656,0.003291898287901119,0.017105901652683286,-0.004220732705881855,-1.3881353344665484,-2.531422759590256,-2.5371689609136316,-1.9879086971149607,1.1037574897553077,-1.1229119888164996,-0.6510844671849744,-0.11904249652717729,0.43466997624752257,-0.41989505796804716,-0.4195211645518094,0.02562803290179577
2020-05-01,0.006837204841594939,0.0028696701420934108,0.015277809167450277,-0.005905558642886858,-0.009674719368357836,-0.0007656597106008988,-0.0021667035646998306,-0.0032541458693115624,-0.003603298805439471,0.004760779867253891,0.004642811855090277,-0.0008954049502383037,-0.00022215833200371656,0.0028696701420934108,-0.003828854082126821,-1.6124421953582697,-2.4498301550796127,-1.2757830214810613,-2.2977835016884907,1.8958036432494694,-0.9512905883793492,-0.5284311923620622,-0.6179040655661352,0.43358945679203564,-0.4199710135753537,-0.4195289488096683,0.4203628319154792
2020-06-01,-0.004106483056748308,0.006837204841594939,0.0028696701420934108,0.015277809167450277,-0.005905558642886858,-0.009674719368357836,-0.0007656597106008988,-0.0021667035646998306,-0.0032541458693115624,-0.003603298805439471,0.004760779867253891,0.004642811855090277,-0.0008954049502383037,0.006859566953270143,-0.007964417758162286,-1.7041862523938573,-2.113626147019239,-1.024880648684685,-1.9717643915952807,2.016509263135279,-0.6866178644069685,-0.5957702452060086,-0.5955924755017536,0.32264306275379184,-0.4200277156271496,-0.4195248175564778,0.5545496692624398
2020-07-01,0.010244036262415209,-0.004106483056748308,0.006837204841594939,0.0028696701420934108,0.015277809167450277,-0.005905558642886858,-0.009674719368357836,-0.0007656597106008988,-0.0021667035646998306,-0.0032541458693115624,-0.003603298805439471,0.004760779867253891,0.004642811855090277,0.005229675729810183,-0.004106483056748308,-1.7629122655936351,-1.7771811443070924,-1.0401197618217346,-2.2233811170235915,1.882934284641178,-0.8326449259921056,-0.3865381881551604,-0.43377144596407025,0.17387288922711042,-0.41999761127059515,-0.4195187427826977,0.4577101145773924
2020-08-01,-0.013670130654218708,0.010244036262415209,-0.004106483056748308,0.006837204841594939,0.0028696701420934108,0.015277809167450277,-0.005905558642886858,-0.009674719368357836,-0.0007656597106008988,-0.0021667035646998306,-0.0032541458693115624,-0.003603298805439471,0.004760779867253891,0.010326820088671047,-0.00896790894560989,-1.8057691985560262,-1.475592147475451,-1.084481782654894,-2.1171214255048305,1.748624500459016,-0.9762639994840651,-0.10756211208735598,-0.37305336661480454,0.1554816642982294,-0.41995698693010197,-0.4195166771561024,0.4678645119494701
2020-09-01,-0.017659799872365094,-0.013670130654218708,0.010244036262415209,-0.004106483056748308,0.006837204841594939,0.0028696701420934108,0.015277809167450277,-0.005905558642886858,-0.009674719368357836,-0.0007656597106008988,-0.0021667035646998306,-0.0032541458693115624,-0.003603298805439471,0.0034561248949557316,-0.01514379746170785,-1.8474756281565896,-1.2319695680248868,-1.1629966924989474,-2.7337633715487346,1.2715797993233977,-1.0955366474502872,-0.025793262205412244,-0.45217303981912144,0.1399848878589166,-0.4199258901222326,-0.4195157308345588,0.44670903846802157
2020-10-01,-0.007586612174930184,-0.017659799872365094,-0.013670130654218708,0.010244036262415209,-0.004106483056748308,0.006837204841594939,0.0028696701420934108,0.015277809167450277,-0.005905558642886858,-0.009674719368357836,-0.0007656597106008988,-0.0021667035646998306,-0.0032541458693115624,0.0007781247432187211,-0.01807216722704472,-1.9768460916671355,-1.216237977965953,-1.4730320211384427,-2.6331075933116614,1.515880248894675,-1.2230630910818034,0.0607855200225306,-0.5011034986040012,0.15717802385787946,-0.419903923866461,-0.41951561890405364,0.4668959519405172
2020-11-01,-0.015276998849058877,-0.007586612174930184,-0.017659799872365094,-0.013670130654218708,0.010244036262415209,-0.004106483056748308,0.006837204841594939,0.0028696701420934108,0.015277809167450277,-0.005905558642886858,-0.009674719368357836,-0.0007656597106008988,-0.0021667035646998306,0.0007803452318815936,-0.013849087201977788,-2.1230671305161093,-1.238091665948386,-1.637690847017858,-2.4717400166832864,1.4140846546217267,-1.3486267972486918,0.34216656226333114,0.5061204059064455,0.14777246590338375,-0.4198788479299025,-0.4195163515400874,0.4775442240548607
2020-12-01,-0.012608632916142077,-0.015276998849058877,-0.007586612174930184,-0.017659799872365094,-0.013670130654218708,0.010244036262415209,-0.004106483056748308,0.006837204841594939,0.0028696701420934108,0.015277809167450277,-0.005905558642886858,-0.009674719368357836,-0.0007656597106008988,0.0035253061968356105,-0.015482968359364656,-1.8728334043892754,-0.44530615188600076,-0.24948850317163662,-1.7417396155807727,2.565831657448169,-1.029554744781381,0.46241487091324723,-0.41149103383249225,0.011095152603911286,-0.4198683279459637,-0.4195149473210227,0.5481146913977939
2021-01-01,-0.007998052870996536,-0.012608632916142077,-0.015276998849058877,-0.007586612174930184,-0.017659799872365094,-0.013670130654218708,0.010244036262415209,-0.004106483056748308,0.006837204841594939,0.0028696701420934108,0.015277809167450277,-0.005905558642886858,-0.009674719368357836,0.00766945893847733,-0.015365380787326258,-1.5900585924500816,0.2554292557781674,-0.035698408441829206,-0.8310017305091267,2.7430557609115995,-0.8219558819910695,0.5129191605462139,-0.024265832340372866,-0.03412990522729123,-0.4198583372693929,-0.4195146522315091,0.54762854463471
2021-02-01,-0.008011699155413112,-0.007998052870996536,-0.012608632916142077,-0.015276998849058877,-0.007586612174930184,-0.017659799872365094,-0.013670130654218708,0.010244036262415209,-0.004106483056748308,0.006837204841594939,0.0028696701420934108,0.015277809167450277,-0.005905558642886858,0.0011353959508073445,-0.01582003574394642,-1.322400105899785,0.7851230566243519,0.05696534631004531,0.41111530542743646,2.7939009803286843,-0.6085869345246532,0.279637441765377,0.08457018996919255,0.0712403365950727,-0.419802958486017,-0.4195195975247371,0.5652434126724682
2021-03-01,-0.0031766634825350915,-0.008011699155413112,-0.007998052870996536,-0.012608632916142077,-0.015276998849058877,-0.007586612174930184,-0.017659799872365094,-0.013670130654218708,0.010244036262415209,-0.004106483056748308,0.006837204841594939,0.0028696701420934108,0.015277809167450277,0.0016423871240647662,-0.009629841042125819,-1.0501978350474817,1.2181646173646825,0.21648121454351812,0.8212098701324075,2.949642597079335,-0.3338339786351717,0.37824105485830734,-0.27360898797295685,-0.00043225443674802097,-0.41983068095941545,-0.41951601574857195,0.6526351347729136
2021-04-01,-0.005034264540667588,-0.0031766634825350915,-0.008011699155413112,-0.007998052870996536,-0.012608632916142077,-0.015276998849058877,-0.007586612174930184,-0.017659799872365094,-0.013670130654218708,0.010244036262415209,-0.004106483056748308,0.006837204841594939,0.0028696701420934108,0.0010483016172798338,-0.004204153526856917,-0.6807030572192264,1.763442872232867,0.6677926141527863,1.24996031900002,3.1148385854447174,-0.030306322261178412,0.902523680571943,-0.2856413080705593,0.28406907804755505,-0.419800973583387,-0.4195099816767937,0.60384916496234
2021-05-01,0.006945485245819208,-0.005034264540667588,-0.0031766634825350915,-0.008011699155413112,-0.007998052870996536,-0.012608632916142077,-0.015276998849058877,-0.007586612174930184,-0.017659799872365094,-0.013670130654218708,0.010244036262415209,-0.004106483056748308,0.006837204841594939,0.001325222212720523,-0.00654508205639393,-0.3901385117914993,2.038349018726207,0.6415254019681544,0.6791011639694426,2.2499908851544808,-0.47385470010864705,0.49608439733522725,-0.2522152573545977,0.2429869445534523,-0.41977292029288354,-0.4195155476755503,0.5187722837531582
2021-06-01,-0.005946530486958227,0.006945485245819208,-0.005034264540667588,-0.0031766634825350915,-0.008011699155413112,-0.007998052870996536,-0.012608632916142077,-0.015276998849058877,-0.007586612174930184,-0.017659799872365094,-0.013670130654218708,0.010244036262415209,-0.004106483056748308,0.007610465696512998,-0.002828592675126342,-0.1415028448342319,2.1725803058383315,0.6951988380463551,1.113929662254004,1.0952501582812997,-0.09527959595520626,0.575448281044168,-0.21963998628983877,0.19936866953947666,-0.4197841019110324,-0.41951590381806675,0.6588924560979715
2021-07-01,-0.009801204938303191,-0.005946530486958227,0.006945485245819208,-0.005034264540667588,-0.0031766634825350915,-0.008011699155413112,-0.007998052870996536,-0.012608632916142077,-0.015276998849058877,-0.007586612174930184,-0.017659799872365094,-0.013670130654218708,0.010244036262415209,0.0020701148910043173,-0.008039719293283981,0.04547974338440336,2.1539596727102013,0.6526015666454084,1.1890229276324267,0.2564027814211964,-0.3573898571265453,0.4576049385672549,-0.23950552580789775,0.31151315250763806,-0.4197856898331363,-0.4195163311890865,0.6580524080337262
2021-08-01,0.003729279580634121,-0.009801204938303191,-0.005946530486958227,0.006945485245819208,-0.005034264540667588,-0.0031766634825350915,-0.008011699155413112,-0.007998052870996536,-0.012608632916142077,-0.015276998849058877,-0.007586612174930184,-0.017659799872365094,-0.013670130654218708,0.0013784374266858589,-0.013190842734508795,0.08608730317375071,1.83990401869129,0.18194078343559877,0.683355837328413,0.412931781579301,-0.6141692264186485,0.29887717114936657,-0.47824818428724064,0.23475708134326828,-0.4197904535994482,-0.4195174810206395,0.7580147889242924
2021-09-01,-0.007019013924877105,0.003729279580634121,-0.009801204938303191,-0.005946530486958227,0.006945485245819208,-0.005034264540667588,-0.0031766634825350915,-0.008011699155413112,-0.007998052870996536,-0.012608632916142077,-0.015276998849058877,-0.007586612174930184,-0.017659799872365094,0.00678183000151241,-0.002778504576583305,0.3033487244375982,1.9497020802072238,0.8267595704034133,0.853323461893288,0.9869406975292708,-0.2565935957872204,0.29887717114936657,-0.5326843825694921,0.21970259006967285,-0.4198086485402229,-0.4195199231407521,0.8582592711639901
2021-10-01,-0.0017478330179979689,-0.007019013924877105,0.003729279580634121,-0.009801204938303191,-0.005946530486958227,0.006945485245819208,-0.005034264540667588,-0.0031766634825350915,-0.008011699155413112,-0.007998052870996536,-0.012608632916142077,-0.015276998849058877,-0.007586612174930184,0.0025693987594821908,-0.009444611946477902,0.41712670140146013,1.8260425757659382,0.5951985541193441,0.5380355913374727,0.9931384565003104,-0.630358781585987,0.4936794311622243,-0.4698216393576723,0.2652635606849642,-0.41980428175443696,-0.41951602592407244,0.7840269192859042
2021-11-01,-0.020712351674226987,-0.0017478330179979689,-0.007019013924877105,0.003729279580634121,-0.009801204938303191,-0.005946530486958227,0.006945485245819208,-0.005034264540667588,-0.0031766634825350915,-0.008011699155413112,-0.007998052870996536,-0.012608632916142077,-0.015276998849058877,0.0018307252194237897,-0.004393907875405926,0.5296980031220976,1.7246487869559988,0.6914587372642577,0.7938665841398679,0.9878851729031933,-0.4115165831958324,0.6956965896940841,-0.21887376497154304,0.15829213459177552,-0.41977464054182956,-0.4195138178404706,0.7783511166851865
2021-12-01,0.00019907391294187745,-0.020712351674226987,-0.0017478330179979689,-0.007019013924877105,0.003729279580634121,-0.009801204938303191,-0.005946530486958227,0.006945485245819208,-0.005034264540667588,-0.0031766634825350915,-0.008011699155413112,-0.007998052870996536,-0.012608632916142077,0.006584471278785801,-0.022460553079239567,0.5242639775711765,1.4023561897085763,0.29959938488064414,0.5034201887384715,0.900429189806362,-0.7815168266048886,0.664432029445107,-0.37990873268823744,0.2667191827493507,-0.41975823201342183,-0.4195130343269345,0.7280396571659878
2022-01-01,0.0006855806561379363,0.00019907391294187745,-0.020712351674226987,-0.0017478330179979689,-0.007019013924877105,0.003729279580634121,-0.009801204938303191,-0.005946530486958227,0.006945485245819208,-0.005034264540667588,-0.0031766634825350915,-0.008011699155413112,-0.007998052870996536,0.0021457430208573257,-0.002973143778371959,0.6558993365237019,1.4246625201392111,0.7922034095885377,0.7217268252835415,1.1242442057581727,-0.5837043908951516,1.1285905008337846,-0.3379550449575563,0.36782333221378205,-0.41971906326819064,-0.41951271888641994,0.8019329949755345
2022-02-01,0.0042399808202406,0.0006855806561379363,0.00019907391294187745,-0.020712351674226987,-0.0017478330179979689,-0.007019013924877105,0.003729279580634121,-0.009801204938303191,-0.005946530486958227,0.006945485245819208,-0.005034264540667588,-0.0031766634825350915,-0.008011699155413112,0.004722714718380366,-0.00048567871255809843,0.7373203969212592,1.339880333715357,0.7269927731896156,0.33353210866127875,-0.08044984287755923,-0.7918151404625035,0.8111349659980078,-0.005536870190883288,0.3689542385868824,-0.41976749489236165,-0.41951314625743963,0.7411302383372947
2022-03-01,-0.002097830230872936,0.0042399808202406,0.0006855806561379363,0.00019907391294187745,-0.020712351674226987,-0.0017478330179979689,-0.007019013924877105,0.003729279580634121,-0.009801204938303191,-0.005946530486958227,0.006945485245819208,-0.005034264540667588,-0.0031766634825350915,0.007456967813304907,-0.005977125298000357,0.8506306986460677,1.3372293507421713,0.9243437073595112,0.3679289831468494,-0.23240906979061865,-0.5619779775714249,0.6355724353691261,-0.275375737498497,0.5167726592253113,-0.41976901665104466,-0.4195119251973833,0.6636182659124449
2022-04-01,-0.00022194269636116538,-0.002097830230872936,0.0042399808202406,0.0006855806561379363,0.00019907391294187745,-0.020712351674226987,-0.0017478330179979689,-0.007019013924877105,0.003729279580634121,-0.009801204938303191,-0.005946530486958227,0.006945485245819208,-0.005034264540667588,0.0018524756271612328,-0.00332552253458468,0.9456132419598938,1.2976505591222105,0.9793070318631768,0.41701565850449906,-0.3076272681035412,-0.3047048949973243,0.3301417313983437,-0.11972935583469999,0.5392844143056857,-0.4197724571489366,-0.41951359397946025,0.6463370659212626
2022-05-01,0.0055098970508934975,-0.00022194269636116538,-0.002097830230872936,0.0042399808202406,0.0006855806561379363,0.00019907391294187745,-0.020712351674226987,-0.0017478330179979689,-0.007019013924877105,0.003729279580634121,-0.009801204938303191,-0.005946530486958227,0.006945485245819208,0.0034297430189354464,-0.0005818258550081685,0.9646862043658337,1.110844631874891,0.7412754493302908,0.09229947663136902,-0.3912495660267906,-0.4620358704991138,0.9073336129179421,4.33886100449991,0.49437847361936826,-0.4197576365426329,-0.4195124237969063,0.6719472543838576
2022-06-01,-0.01235064149953313,0.0055098970508934975,-0.00022194269636116538,-0.002097830230872936,0.0042399808202406,0.0006855806561379363,0.00019907391294187745,-0.020712351674226987,-0.0017478330179979689,-0.007019013924877105,0.003729279580634121,-0.009801204938303191,-0.005946530486958227,0.005576015273896049,-0.0028270162339749105,0.9620328037592943,0.9169958663361611,0.7059310579732511,-0.3000059375276096,-0.8078369429724228,-0.6389215266670096,0.3036871034953588,-0.48242461010416593,0.600163007875442,-0.4197371258821233,-0.41951293257192973,0.5446675242478425
2022-07-01,0.012318601935917842,-0.01235064149953313,0.0055098970508934975,-0.00022194269636116538,-0.002097830230872936,0.0042399808202406,0.0006855806561379363,0.00019907391294187745,-0.020712351674226987,-0.0017478330179979689,-0.007019013924877105,0.003729279580634121,-0.009801204938303191,0.0021453173533660737,-0.014591205368750101,0.796967435073678,0.4299816431088187,-0.05814881925292113,-0.06722503330471825,-0.3555839189126654,-0.8170520672453406,0.27242254324638177,-0.2922921280090834,0.6769806630502284,-0.419751681834743,-0.41951227116439926,0.5414309595850901
2022-08-01,0.0036737725420178742,0.012318601935917842,-0.01235064149953313,0.0055098970508934975,-0.00022194269636116538,-0.002097830230872936,0.0042399808202406,0.0006855806561379363,0.00019907391294187745,-0.020712351674226987,-0.0017478330179979689,-0.007019013924877105,0.003729279580634121,0.01255328180705602,-0.0009444836960236554,0.6712988124437861,0.12088875932364825,0.002334589421423383,-0.5182383226290238,-0.3315270475248677,-0.7055304149148939,0.36381125782031687,-0.04040088495918303,0.6059463063081773,-0.4197804629228774,-0.41951266800891757,0.5548156857094476
2022-09-01,-0.0002956264734226245,0.0036737725420178742,0.012318601935917842,-0.01235064149953313,0.0055098970508934975,-0.00022194269636116538,-0.002097830230872936,0.0042399808202406,0.0006855806561379363,0.00019907391294187745,-0.020712351674226987,-0.0017478330179979689,-0.007019013924877105,0.0068171687609922295,-0.0017836943503686182,0.6648770690510455,0.11732948428822478,0.451289760997548,-0.6062359460767998,-0.060595983082474734,-0.531864496285423,0.4816546002972368,-0.18226284118039648,0.6947952376997565,-0.419802363015228,-0.41951251537641054,0.6072560596389633
2022-10-01,-0.0036607273780274114,-0.0002956264734226245,0.0036737725420178742,0.012318601935917842,-0.01235064149953313,0.0055098970508934975,-0.00022194269636116538,-0.002097830230872936,0.0042399808202406,0.0006855806561379363,0.00019907391294187745,-0.020712351674226987,-0.0017478330179979689,0.004680885946262692,-0.0036292711086962108,0.5731712810737367,-0.05982022178199847,0.06280937703996008,-0.5253723421899423,-0.14626624729514073,-0.6884109825845296,0.4744397017782416,-0.32085772795812445,0.6968778969611089,-0.41978542517945233,-0.41951294274743023,0.5988314583342151
2022-11-01,0.005653837353047774,-0.0036607273780274114,-0.0002956264734226245,0.0036737725420178742,0.012318601935917842,-0.01235064149953313,0.0055098970508934975,-0.00022194269636116538,-0.002097830230872936,0.0042399808202406,0.0006855806561379363,0.00019907391294187745,-0.020712351674226987,0.0027336301871863527,-0.005527258525916795,0.5253684574917435,-0.11181174854399487,0.20434670389239606,-0.7961203194554834,-0.6309276646336329,-0.5535182156289783,0.36862119016631595,0.1202793156736395,0.6118527727617443,-0.4198234691465266,-0.4195143978439973,0.5912760573060877
2022-12-01,0.0036081998855272035,0.005653837353047774,-0.0036607273780274114,-0.0002956264734226245,0.0036737725420178742,0.012318601935917842,-0.01235064149953313,0.0055098970508934975,-0.00022194269636116538,-0.002097830230872936,0.0042399808202406,0.0006855806561379363,0.00019907391294187745,0.0060939925921130135,-0.0024012130859717897,0.5242462656145631,-0.05799977593796519,0.3993699309108336,-0.21517525023899303,-0.6815632143648558,-0.402560079055548,0.47203473560524545,-0.3160010563345741,0.74213654607072,-0.41982095493652866,-0.4195135125754565,0.6265862580375678
2023-01-01,-0.006083948513332403,0.0036081998855272035,0.005653837353047774,-0.0036607273780274114,-0.0002956264734226245,0.0036737725420178742,0.012318601935917842,-0.01235064149953313,0.0055098970508934975,-0.00022194269636116538,-0.002097830230872936,0.0042399808202406,0.0006855806561379363,0.009291210458940062,-0.0007039700564743632,0.5704109806389107,0.0816940925640776,0.6364884332440048,-0.3095058875608335,-0.5805017845882705,-0.26541985654636435,0.6115227736391442,-0.28351176078148577,0.6799310970038117,-0.4198257187028406,-0.4195128206414246,0.5863654986074964
2023-02-01,-0.007039046119553484,-0.006083948513332403,0.0036081998855272035,0.005653837353047774,-0.0036607273780274114,-0.0002956264734226245,0.0036737725420178742,0.012318601935917842,-0.01235064149953313,0.0055098970508934975,-0.00022194269636116538,-0.002097830230872936,0.0042399808202406,0.0013311249991854602,-0.00635917152020686,0.604384697413692,0.16853340300788963,0.6566465329594248,0.4319510102471524,-0.8023739896894453,-0.06113159876969183,0.6572171309261118,-0.2953182770627225,0.4973289075729515,-0.4198173821117947,-0.4195112536143524,0.581504184867153
2023-03-01,0.00134945866976718,-0.007039046119553484,-0.006083948513332403,0.0036081998855272035,0.005653837353047774,-0.0036607273780274114,-0.0002956264734226245,0.0036737725420178742,0.012318601935917842,-0.01235064149953313,0.0055098970508934975,-0.00022194269636116538,-0.002097830230872936,0.002200999588624618,-0.009668326277072566,0.5455123538542543,0.04824742786047337,0.1951024025056795,-0.07067903295160484,-1.0061241937769116,-0.24586820479609864,0.693291623521088,-0.34547176112076355,0.5295093522886916,-0.4197925708289202,-0.4195114062468594,0.6150718768382757
2023-04-01,-0.004671525506534799,0.00134945866976718,-0.007039046119553484,-0.006083948513332403,0.0036081998855272035,0.005653837353047774,-0.0036607273780274114,-0.0002956264734226245,0.0036737725420178742,0.012318601935917842,-0.01235064149953313,0.0055098970508934975,-0.00022194269636116538,0.004402222443693566,-0.0009026793346670527,0.4719537077427755,-0.07799700314260435,0.07638279090419946,0.1037635435430942,-0.974293514219769,-0.3385984632522388,1.2440288771377015,8.03878124738522,0.49644993578791785,-0.4197929678094462,-0.4195105108028181,0.634065429743779
2023-05-01,0.00520417700911246,-0.004671525506534799,0.00134945866976718,-0.007039046119553484,-0.006083948513332403,0.0036081998855272035,0.005653837353047774,-0.0036607273780274114,-0.0002956264734226245,0.0036737725420178742,0.012318601935917842,-0.01235064149953313,0.0055098970508934975,0.003982221566489735,-0.007828608530245274,0.2809258466661069,-0.4190744156345707,-0.5757641739796563,-0.3313346348879862,-0.7480618467511101,-0.4174865763174085,0.6812667926560936,-0.29117113960691576,0.5156305557594083,-0.41980858237680185,-0.4195103479948106,0.6551738997154867
2023-06-01,0.009518909305931826,0.00520417700911246,-0.004671525506534799,0.00134945866976718,-0.007039046119553484,-0.006083948513332403,0.0036081998855272035,0.005653837353047774,-0.0036607273780274114,-0.0002956264734226245,0.0036737725420178742,0.012318601935917842,-0.01235064149953313,0.00520417700911246,-0.00278971343354215,0.1349514584695972,-0.5998567150783674,-0.5332991384376405,-0.9790726558817524,-0.7720129215084274,-0.2679035675355538,0.9650528010698971,-0.0611389342028229,0.6615734633533398,-0.4198087147036439,-0.4195105718558209,0.7035564556310094
2023-07-01,0.004708869118061171,0.009518909305931826,0.00520417700911246,-0.004671525506534799,0.00134945866976718,-0.007039046119553484,-0.006083948513332403,0.0036081998855272035,0.005653837353047774,-0.0036607273780274114,-0.0002956264734226245,0.0036737725420178742,0.012318601935917842,0.011572527927933042,-0.0007525332118717877,-0.029737669348728017,-0.7827314664275259,-0.7672804688769396,-0.9307088780395799,-0.6806168154158329,-0.40117889343229146,1.0973259405848075,0.2771024281043136,0.7597775657818019,-0.41978846869681824,-0.41951072448832794,0.7114550659163755
2023-08-01,-0.005959516085128549,0.004708869118061171,0.009518909305931826,0.00520417700911246,-0.004671525506534799,0.00134945866976718,-0.007039046119553484,-0.006083948513332403,0.0036081998855272035,0.005653837353047774,-0.0036607273780274114,-0.0002956264734226245,0.0036737725420178742,0.006641301233090128,-0.0007298901195664539,-0.07401059788639387,-0.6829263962694039,-0.2463480157450799,-0.4355876111704476,-0.48033353484961744,-0.2640114106805435,0.7918952366140183,-0.4173846079182246,1.0549721218929429,-0.4198099718086428,-0.4195113655448575,0.7012783811861563
2023-09-01,-0.00723873840517305,-0.005959516085128549,0.004708869118061171,0.009518909305931826,0.00520417700911246,-0.004671525506534799,0.00134945866976718,-0.007039046119553484,-0.006083948513332403,0.0036081998855272035,0.005653837353047774,-0.0036607273780274114,-0.0002956264734226245,0.0005521201938632746,-0.007819497469118595,-0.09224104810476813,-0.5498571029093745,-0.15364087785626235,0.26652755524242905,-0.8925614494277662,0.016890244365102034,0.6163327059851433,-0.17298362702794046,0.8660939619460166,-0.4198224766952116,-0.4195122304623974,0.6654763129797313
2023-10-01,-0.009915736990277615,-0.00723873840517305,-0.005959516085128549,0.004708869118061171,0.009518909305931826,0.00520417700911246,-0.004671525506534799,0.00134945866976718,-0.007039046119553484,-0.006083948513332403,0.0036081998855272035,0.005653837353047774,-0.0036607273780274114,0.0016853520025223254,-0.00723873840517305,-0.25658546555640416,-0.7420272626741594,-0.8876427222568521,0.28560151775730525,-0.507175742981694,-0.09021827758577264,0.7125313529050775,-0.19251093321437196,1.0013996313771252,-0.41978469738182134,-0.4195119964258866,0.7518555292987003
2023-11-01,-0.006550068816155676,-0.009915736990277615,-0.00723873840517305,-0.005959516085128549,0.004708869118061171,0.009518909305931826,0.00520417700911246,-0.004671525506534799,0.00134945866976718,-0.007039046119553484,-0.006083948513332403,0.0036081998855272035,0.005653837353047774,0.00013617837411386327,-0.015117960158463093,-0.5256921311856172,-1.1098749448475047,-1.4238093781692052,-0.08924785309861356,-0.35437591375009153,-0.1713356727095319,0.6692419617911061,-0.09947267497783173,1.0287429320019819,-0.4197964083073381,-0.4195128409924256,0.7926721527235573
2023-12-01,0.0035235082870703066,-0.006550068816155676,-0.009915736990277615,-0.00723873840517305,-0.005959516085128549,0.004708869118061171,0.009518909305931826,0.00520417700911246,-0.004671525506534799,0.00134945866976718,-0.007039046119553484,-0.006083948513332403,0.0036081998855272035,0.0005685186307837909,-0.012684033324752144,-0.7333417154352678,-1.2785480043112494,-1.4328876014454441,-0.0551929206798161,-0.5456248032649977,-0.328905932562719,0.6259525706771347,-0.15718539056199402,0.8246031345646057,-0.41979839320996803,-0.41951424521149033,0.8155986916884324
2024-01-01,-0.00717814155482843,0.0035235082870703066,-0.006550068816155676,-0.009915736990277615,-0.00723873840517305,-0.005959516085128549,0.004708869118061171,0.009518909305931826,0.00520417700911246,-0.004671525506534799,0.00134945866976718,-0.007039046119553484,-0.006083948513332403,0.005731757955131035,0.0,-0.8308696982674773,-1.1884215295611669,-1.0579906010079136,-0.13228946378769418,-0.49714301645367187,-0.23046313883144312,0.7437959131540546,-0.44693420232226566,0.8544209926989191,-0.419801436727334,-0.4195137873139692,0.8720104239375852
2024-02-01,-0.007392281438805259,-0.00717814155482843,0.0035235082870703066,-0.006550068816155676,-0.009915736990277615,-0.00723873840517305,-0.005959516085128549,0.004708869118061171,0.009518909305931826,0.00520417700911246,-0.004671525506534799,0.00134945866976718,-0.007039046119553484,0.00037830333184929265,-0.010834438339435926,-0.9799598737812114,-1.2217024068797675,-1.3703548330026731,-0.5690970290493075,-0.3448689644159709,-0.34727630713519947,0.9698627334158962,-0.1505766135934628,1.3843402052387528,-0.4197919753581312,-0.41951383819147153,0.9276308044276717
2024-03-01,0.0036060419445955033,-0.007392281438805259,-0.00717814155482843,0.0035235082870703066,-0.006550068816155676,-0.009915736990277615,-0.00723873840517305,-0.005959516085128549,0.004708869118061171,0.009518909305931826,0.00520417700911246,-0.004671525506534799,0.00134945866976718,0.0003837719151517622,-0.010124596187282746,-1.075945006995339,-1.1397917980764656,-1.3034343196267537,0.21284864945209137,-0.4812279972709504,0.43346006882146043,0.726961149943068,-0.30434617818106424,0.8763169076751298,-0.4198218812244226,-0.41951429608899266,0.9565145247261595
2024-04-01,0.0023859794487040248,0.0036060419445955033,-0.007392281438805259,-0.00717814155482843,0.0035235082870703066,-0.006550068816155676,-0.009915736990277615,-0.00723873840517305,-0.005959516085128549,0.004708869118061171,0.009518909305931826,0.00520417700911246,-0.004671525506534799,0.00398335986350678,-0.0013191237868111557,-1.1274411807158666,-0.9833374247073401,-1.2203805161971208,0.0446186340081529,-0.520360567906326,0.5230917463727948,0.9385981731669192,-0.25160445330739895,1.6688079464446466,-0.41980878086706486,-0.41951319713494195,0.9518041909427226
2024-05-01,-0.006134192669044396,0.0023859794487040248,0.0036060419445955033,-0.007392281438805259,-0.00717814155482843,0.0035235082870703066,-0.006550068816155676,-0.009915736990277615,-0.00723873840517305,-0.005959516085128549,0.004708869118061171,0.009518909305931826,0.00520417700911246,0.00596159953451569,-0.0010850695897501334,-1.1710609868161506,-0.8420763207846818,-1.2895885059181857,0.19892367440840364,-0.7233227473946402,0.4134419640317616,0.7726555072300355,-0.10172976835564741,0.5925321891302173,-0.41976822268999264,-0.4195139908239786,0.9239203306415947
2024-06-01,-0.008008129666243972,-0.006134192669044396,0.0023859794487040248,0.0036060419445955033,-0.007392281438805259,-0.00717814155482843,0.0035235082870703066,-0.006550068816155676,-0.009915736990277615,-0.00723873840517305,-0.005959516085128549,0.004708869118061171,0.009518909305931826,0.003914259958375185,-0.008395891841197605,-1.227657497560933,-0.7555890372710146,-1.4448953044009345,0.07880742205766045,-0.6785175537904261,0.21687441273245966,0.7678455748840365,-0.267039892009812,0.666449797269034,-0.4197915122141842,-0.4195124746744086,0.8841190365542432
2024-07-01,0.006204606240846986,-0.008008129666243972,-0.006134192669044396,0.0023859794487040248,0.0036060419445955033,-0.007392281438805259,-0.00717814155482843,0.0035235082870703066,-0.006550068816155676,-0.009915736990277615,-0.00723873840517305,-0.005959516085128549,0.004708869118061171,0.0002363086533329255,-0.011311079573802793,-1.3295681878785852,-0.779011669544752,-1.7353765050267795,-0.009561043528198553,-0.8669823889444536,0.054800155024486326,0.8448044924199811,-0.08161527776808059,0.8465326408192255,-0.41978846869681824,-0.4195139602974772,0.9662939110357616
2024-08-01,-0.0008017622318443819,0.006204606240846986,-0.008008129666243972,-0.006134192669044396,0.0023859794487040248,0.0036060419445955033,-0.007392281438805259,-0.00717814155482843,0.0035235082870703066,-0.006550068816155676,-0.009915736990277615,-0.00723873840517305,-0.005959516085128549,0.007127798456197017,-0.0005790458946120485,-1.3626444828174806,-0.6570670423710434,-1.46868804804689,0.3353288893107107,-0.8201818067702121,0.1651223566821049,0.7967051689600174,-0.21116620206814377,0.8395792461885802,-0.4197704722463066,-0.41951469293351096,0.9604341959123093
2024-09-01,0.0025223853867955654,-0.0008017622318443819,0.006204606240846986,-0.008008129666243972,-0.006134192669044396,0.0023859794487040248,0.0036060419445955033,-0.007392281438805259,-0.00717814155482843,0.0035235082870703066,-0.006550068816155676,-0.009915736990277615,-0.00723873840517305,0.005082003157336662,-0.003461513719659496,-1.3121701743656873,-0.38875183641162403,-0.982677601119892,0.7161218219033878,-0.8179235296032349,0.33372392802630174,0.8568293232849754,-0.39148283165221054,1.454540378566983,-0.41973732437238626,-0.4195164329440912,0.9191654087600939
2024-10-01,0.013583994178683147,0.0025223853867955654,-0.0008017622318443819,0.006204606240846986,-0.008008129666243972,-0.006134192669044396,0.0023859794487040248,0.0036060419445955033,-0.007392281438805259,-0.00717814155482843,0.0035235082870703066,-0.006550068816155676,-0.009915736990277615,0.0057680688458891525,-0.00074071373509267,-1.114478406747946,0.12678122352098015,-0.041896535621810255,0.7122278180562912,-0.6156961558029834,0.47661000388486635,1.0732762788548258,-0.26034797388713765,0.6895382026287612,-0.41976716407525666,-0.41951512030453064,1.009871042224016
2024-11-01,-0.0010361977839181066,0.013583994178683147,0.0025223853867955654,-0.0008017622318443819,0.006204606240846986,-0.008008129666243972,-0.006134192669044396,0.0023859794487040248,0.0036060419445955033,-0.007392281438805259,-0.00717814155482843,0.0035235082870703066,-0.006550068816155676,0.015226468788695774,0.0,-0.9195708174327444,0.5335174084730318,0.11423761803636628,0.5044383456735093,-0.6047708904287282,0.5717452215183436,1.40275664455559,-0.019388847821208085,0.6677542585805801,-0.4197668994215727,-0.4195139297709758,1.1334792462508496
2024-12-01,-0.0021830438100791695,-0.0010361977839181066,0.013583994178683147,0.0025223853867955654,-0.0008017622318443819,0.006204606240846986,-0.008008129666243972,-0.006134192669044396,0.0023859794487040248,0.0036060419445955033,-0.007392281438805259,-0.00717814155482843,0.0035235082870703066,0.002802195853458475,-0.004305918217799686,-0.8180426927456622,0.6680587690186138,-0.2399724644643943,0.5158936036342756,-0.8744933085168476,0.46763532624953913,1.3041530314626597,-0.1958965732810956,0.8032502785893387,-0.4197362657576503,-0.4195155069735485,1.1049405618228618
2025-01-01,-0.016538064662710364,-0.0021830438100791695,-0.0010361977839181066,0.013583994178683147,0.0025223853867955654,-0.0008017622318443819,0.006204606240846986,-0.008008129666243972,-0.006134192669044396,0.0023859794487040248,0.0036060419445955033,-0.007392281438805259,-0.00717814155482843,0.00416725485782392,-0.0034836559457825074,-0.7729921723789617,0.6602637537439571,-0.4769280275522714,0.5010391022113947,-1.2296769623234722,0.3788668897127402,1.195929553677738,-0.236125082063308,0.9101209308473011,-0.41973838298712224,-0.4195164024175898,1.0988788085527756
2025-02-01,0.009423450471591526,-0.016538064662710364,-0.0021830438100791695,-0.0010361977839181066,0.013583994178683147,0.0025223853867955654,-0.0008017622318443819,0.006204606240846986,-0.008008129666243972,-0.006134192669044396,0.0023859794487040248,0.0036060419445955033,-0.007392281438805259,0.0010320803504835037,-0.019417847653409398,-0.8659448943884958,0.37197872820008604,-1.1168968477261436,0.5904407684735313,-0.855741657253857,0.2688960422926167,0.8688541541499629,-0.1748680023908762,-0.4468883372232316,-0.4197304433766024,-0.41951637189108837,1.1697997514606437
2025-03-01,0.002628391470492296,0.009423450471591526,-0.016538064662710364,-0.0021830438100791695,-0.0010361977839181066,0.013583994178683147,0.0025223853867955654,-0.0008017622318443819,0.006204606240846986,-0.008008129666243972,-0.006134192669044396,0.0023859794487040248,0.0036060419445955033,0.011796588073304057,-0.005103503406897533,-1.1060010043128317,-0.1592970502412673,-1.7366739798307649,0.2509909038974981,-0.3864701230958851,0.10949631727178272,0.957837902550902,-0.4307325423015569,-0.2533969750414817,-0.41968538608690226,-0.41951537469204236,1.1838085637583047
2025-04-01,0.021784820058619838,0.002628391470492296,0.009423450471591526,-0.016538064662710364,-0.0021830438100791695,-0.0010361977839181066,0.013583994178683147,0.0025223853867955654,-0.0008017622318443819,0.006204606240846986,-0.008008129666243972,-0.006134192669044396,0.0023859794487040248,0.012081963816013896,0.0,-1.3545194802629485,-0.6016129332133251,-1.9464486193624218,0.2823226409154661,-0.42660038801627437,-0.004563566532981935,1.3306076593656444,0.234614463979679,0.30237632478041343,-0.41970596291083284,-0.4195146115295072,1.2003017908904083
2025-05-01,-0.005570977184225123,0.021784820058619838,0.002628391470492296,0.009423450471591526,-0.016538064662710364,-0.0021830438100791695,-0.0010361977839181066,0.013583994178683147,0.0025223853867955654,-0.0008017622318443819,0.006204606240846986,-0.008008129666243972,-0.006134192669044396,0.021784820058619838,-0.001905404986774872,-1.4713981063089847,-0.6864220349605732,-1.5331372057785446,-0.7563357553229596,-0.30936105046001655,0.13446367054481762,1.1213756023147894,0.0456171420744021,-0.2271565880577179,-0.41972290074660856,-0.4195174810206395,1.26827031120643
2025-06-01,0.0005049631846150823,-0.005570977184225123,0.021784820058619838,0.002628391470492296,0.009423450471591526,-0.016538064662710364,-0.0021830438100791695,-0.0010361977839181066,0.013583994178683147,0.0025223853867955654,-0.0008017622318443819,0.006204606240846986,-0.008008129666243972,0.004171003887182038,-0.005570977184225123,-1.6231588589633132,-0.8255608977959618,-1.7705007932155477,-1.1424787650133539,-0.09773188276442454,-0.013159629688249803,1.4749056297455423,-0.35002279452425383,0.284253830078804,-0.41964800375403805,-0.41951608697707526,1.2960694514448776
2025-07-01,0.0004508091569868085,0.0005049631846150823,-0.005570977184225123,0.021784820058619838,0.002628391470492296,0.009423450471591526,-0.016538064662710364,-0.0021830438100791695,-0.0010361977839181066,0.013583994178683147,0.0025223853867955654,-0.0008017622318443819,0.006204606240846986,0.0052752777716377625,-0.007456464588971465,-1.8189505363899636,-1.0268617497100592,-2.0358188998238553,-1.2466628192365856,0.18344221908355132,-0.2525651377193887,1.2031444521967332,-0.3749859260557096,0.2092948923093107,-0.4196941858218951,-0.4195163311890865,1.34833207516233
2025-08-01,-0.009424851356272954,0.0004508091569868085,0.0005049631846150823,-0.005570977184225123,0.021784820058619838,0.002628391470492296,0.009423450471591526,-0.016538064662710364,-0.0021830438100791695,-0.0010361977839181066,0.013583994178683147,0.0025223853867955654,-0.0008017622318443819,0.007517229760520004,-0.009734882210871494,-1.7077591662623934,-0.5604949574817364,-0.6768957505762898,-0.7315673529424723,0.899219902260388,-0.1311086414321843,1.4412361033235692,-0.25687777548750723,0.11002146751816495,-0.41969206859242314,-0.41951714522912403,1.4366627835332153
2025-09-01,-0.009552617693299247,-0.009424851356272954,0.0004508091569868085,0.0005049631846150823,-0.005570977184225123,0.021784820058619838,0.002628391470492296,0.009423450471591526,-0.016538064662710364,-0.0021830438100791695,-0.0010361977839181066,0.013583994178683147,0.0025223853867955654,0.006006039870196092,-0.009424851356272954,-1.6105160541103782,-0.21590876984674962,-0.7092436776205283,-0.23517185410043587,0.7429012129798447,-0.2565814801238585,1.8308406233492913,-0.22123809154248644,0.5180155365264414,-0.4196931272071591,-0.4195150083740255,1.4971477094640313
2025-10-01,0.0011231740161184278,-0.009552617693299247,-0.009424851356272954,0.0004508091569868085,0.0005049631846150823,-0.005570977184225123,0.021784820058619838,0.002628391470492296,0.009423450471591526,-0.016538064662710364,-0.0021830438100791695,-0.0010361977839181066,0.013583994178683147,0.00321312728143841,-0.012500049370128788,-1.4561528856986679,0.17650131787266524,-0.4185440404276127,-0.2430171656604267,0.9152407180735899,-0.14728305202032044,2.0617173759571323,-0.2556141244231169,0.7495882113310979,-0.41968174709874734,-0.4195146522315091,1.5344306458265615
2025-11-01,-3.982512303327069e-05,0.0011231740161184278,-0.009552617693299247,-0.009424851356272954,0.0004508091569868085,0.0005049631846150823,-0.005570977184225123,0.021784820058619838,0.002628391470492296,0.009423450471591526,-0.016538064662710364,-0.0021830438100791695,-0.0010361977839181066,0.007843539819716997,-0.003001406407098664,-1.2623584531477734,0.5710184304002611,-0.1547835588003636,-0.4232528479191122,0.9043673892270246,-0.06689562561411563,2.210825278683029,-0.2639424116250615,0.7669493037221053,-0.4196744029590165,-0.4195139195954753,1.5492221853247043
2025-12-01,0.006626867761213879,-3.982512303327069e-05,0.0011231740161184278,-0.009552617693299247,-0.009424851356272954,0.0004508091569868085,0.0005049631846150823,-0.005570977184225123,0.021784820058619838,0.002628391470492296,0.009423450471591526,-0.016538064662710364,-0.0021830438100791695,0.005847246910430594,-0.004465911353302933,-1.1806512554048132,0.6575498652560346,-0.5024638146499943,-0.8987744763392648,0.7146939077187237,-0.1438785506156266,2.20601534633703,-0.47233902123510646,0.3860018123794065,-0.4196571343061358,-0.4195135329264575,1.5776204881672344
