Date,T-BILL1M
1/4/2010,1.030813
1/5/2010,1.02077
1/6/2010,1.02077
1/7/2010,1.020531
1/8/2010,1.010727
1/11/2010,1.002119
1/12/2010,0.992077
1/13/2010,1.003554
1/14/2010,1.027944
1/15/2010,1.077449
1/18/2010,1.081037
1/19/2010,1.095866
1/20/2010,1.112611
1/21/2010,1.152803
1/22/2010,1.171226
1/25/2010,1.176921
1/26/2010,1.182951
1/27/2010,1.176921
1/28/2010,1.188981
1/29/2010,1.189651
2/1/2010,1.208077
2/2/2010,1.213103
2/3/2010,1.219804
2/4/2010,1.211093
2/5/2010,1.204727
2/8/2010,1.215975
2/9/2010,1.211667
2/10/2010,1.214539
2/11/2010,1.217411
2/12/2010,1.218847
2/15/2010,1.215975
2/16/2010,1.208077
2/17/2010,1.211667
2/18/2010,1.213103
2/19/2010,1.213103
2/22/2010,1.211667
2/23/2010,1.214539
2/24/2010,1.214778
2/25/2010,1.213103
2/26/2010,1.211428
3/2/2010,1.209753
3/3/2010,1.208795
3/4/2010,1.205924
3/5/2010,1.203052
3/8/2010,1.203052
3/9/2010,1.20018
3/10/2010,1.20018
3/11/2010,1.208795
3/12/2010,1.211667
3/15/2010,1.211667
3/16/2010,1.208795
3/17/2010,1.209753
3/18/2010,1.206402
3/19/2010,1.207359
3/22/2010,1.201377
3/23/2010,1.20018
3/24/2010,1.20018
3/25/2010,1.199032
3/26/2010,1.204488
3/29/2010,1.197309
3/30/2010,1.191565
3/31/2010,1.191565
4/1/2010,1.177926
4/2/2010,1.172901
4/5/2010,1.167159
4/7/2010,1.151128
4/8/2010,1.156822
4/9/2010,1.156822
4/12/2010,1.129357
4/16/2010,1.112611
4/19/2010,1.089169
4/20/2010,1.077449
4/21/2010,1.096823
4/22/2010,1.10687
4/23/2010,1.082472
4/26/2010,1.089647
4/27/2010,1.0741
4/28/2010,1.06439
4/29/2010,1.081037
4/30/2010,1.104239
5/4/2010,1.111176
5/6/2010,1.129357
5/7/2010,1.137012
5/10/2010,1.132706
5/11/2010,1.138448
5/12/2010,1.119309
5/13/2010,1.131031
5/14/2010,1.135577
5/17/2010,1.134141
5/18/2010,1.132706
5/19/2010,1.144764
5/24/2010,1.125529
5/25/2010,1.107588
5/26/2010,1.097541
5/27/2010,1.095866
5/31/2010,1.086777
6/1/2010,1.075775
6/2/2010,1.078453
6/3/2010,1.082472
6/4/2010,1.099215
6/7/2010,1.105435
6/8/2010,1.114286
6/9/2010,1.116917
6/10/2010,1.126007
6/11/2010,1.122658
6/14/2010,1.124094
6/15/2010,1.125529
6/16/2010,1.126964
6/17/2010,1.126007
6/18/2010,1.136055
6/21/2010,1.134381
6/22/2010,1.136055
6/23/2010,1.136055
6/24/2010,1.139405
6/25/2010,1.142754
6/28/2010,1.147778
6/29/2010,1.144764
6/30/2010,1.145625
7/2/2010,1.151128
7/5/2010,1.161177
7/6/2010,1.166201
7/7/2010,1.191326
7/8/2010,1.219804
7/9/2010,1.249961
7/12/2010,1.261689
7/13/2010,1.280121
7/14/2010,1.293527
7/15/2010,1.379726
7/16/2010,1.391222
7/19/2010,1.401281
7/20/2010,1.404155
7/21/2010,1.402718
7/22/2010,1.405592
7/23/2010,1.402718
7/27/2010,1.402718
7/28/2010,1.432898
7/29/2010,1.43721
7/30/2010,1.439365
8/2/2010,1.43721
8/3/2010,1.432898
8/4/2010,1.432898
8/5/2010,1.430023
8/6/2010,1.425855
8/9/2010,1.427293
8/10/2010,1.428586
8/11/2010,1.435772
8/16/2010,1.427628
8/17/2010,1.438647
8/18/2010,1.438647
8/19/2010,1.437689
8/20/2010,1.437689
8/23/2010,1.427149
8/24/2010,1.440084
8/25/2010,1.486321
8/26/2010,1.553416
8/27/2010,1.556771
8/30/2010,1.593922
8/31/2010,1.593922
9/1/2010,1.581937
9/2/2010,1.585293
9/3/2010,1.580979
9/6/2010,1.586731
9/7/2010,1.579541
9/8/2010,1.575226
9/9/2010,1.578102
9/10/2010,1.575226
9/13/2010,1.570912
9/14/2010,1.570912
9/15/2010,1.576664
9/16/2010,1.578102
9/17/2010,1.586731
9/20/2010,1.579541
9/21/2010,1.580979
9/22/2010,1.582417
9/23/2010,1.588649
9/24/2010,1.592484
9/27/2010,1.590327
9/28/2010,1.592484
9/29/2010,1.593922
9/30/2010,1.597038
10/1/2010,1.599675
10/4/2010,1.599675
10/5/2010,1.598237
10/6/2010,1.598237
10/7/2010,1.596799
10/8/2010,1.59536
10/11/2010,1.592484
10/12/2010,1.581266
10/13/2010,1.59536
10/14/2010,1.59608
10/15/2010,1.59608
10/18/2010,1.598237
10/19/2010,1.606866
10/20/2010,1.606866
10/21/2010,1.625565
10/22/2010,1.628442
10/26/2010,1.631318
10/27/2010,1.631318
10/28/2010,1.634195
10/29/2010,1.634195
11/1/2010,1.635634
11/2/2010,1.641388
11/3/2010,1.645703
11/4/2010,1.638511
11/5/2010,1.639949
11/8/2010,1.634195
11/9/2010,1.638511
11/10/2010,1.644025
11/11/2010,1.638511
11/12/2010,1.642347
11/15/2010,1.637072
11/16/2010,1.64906
11/17/2010,1.651745
11/18/2010,1.654334
11/19/2010,1.655773
11/22/2010,1.654334
11/23/2010,1.660808
11/24/2010,1.675914
11/25/2010,1.662486
11/26/2010,1.659801
11/29/2010,1.665843
11/30/2010,1.687664
12/1/2010,1.726274
12/2/2010,1.847181
12/3/2010,1.823666
12/7/2010,1.86129
12/8/2010,1.916058
12/9/2010,1.929836
12/13/2010,1.884617
12/14/2010,1.9295
12/15/2010,1.937901
12/16/2010,1.925803
12/17/2010,1.93358
12/20/2010,1.93358
12/21/2010,1.926139
12/22/2010,1.925803
12/23/2010,1.937901
12/24/2010,1.937901
12/27/2010,1.93358
12/28/2010,1.925803
12/29/2010,1.926139
12/30/2010,1.9307
1/4/2011,1.909337
1/5/2011,1.885817
1/6/2011,1.880777
1/7/2011,1.880777
1/10/2011,1.885817
1/11/2011,1.899017
1/12/2011,1.922779
1/13/2011,1.941262
1/14/2011,1.939341
1/17/2011,1.939341
1/18/2011,1.951344
1/19/2011,1.936461
1/20/2011,1.937901
1/21/2011,1.943662
1/24/2011,1.945103
1/25/2011,2.007045
1/26/2011,2.038742
1/27/2011,2.025774
1/28/2011,2.062278
1/31/2011,2.05171
2/1/2011,2.032018
2/2/2011,2.057234
2/3/2011,2.040183
2/4/2011,2.044506
2/7/2011,2.043065
2/8/2011,2.053872
2/9/2011,2.031538
2/10/2011,2.031538
2/11/2011,2.030097
2/14/2011,2.031538
2/15/2011,2.032979
2/16/2011,2.052863
2/17/2011,2.099267
2/21/2011,2.054592
2/22/2011,2.070444
2/23/2011,2.074767
2/24/2011,2.071885
2/25/2011,2.097586
2/28/2011,2.069003
3/1/2011,2.069003
3/2/2011,2.073326
3/3/2011,2.097586
3/4/2011,2.100949
3/7/2011,2.074047
3/8/2011,2.09086
3/9/2011,2.096385
3/10/2011,2.119446
3/11/2011,2.175954
3/14/2011,2.173263
3/15/2011,2.161249
3/16/2011,2.176627
3/17/2011,2.223728
3/18/2011,2.201859
3/21/2011,2.227093
3/22/2011,2.218345
3/23/2011,2.230457
3/24/2011,2.230457
3/25/2011,2.250647
3/28/2011,2.254012
3/29/2011,2.291031
3/30/2011,2.306177
3/31/2011,2.37586
4/1/2011,2.341521
4/4/2011,2.390001
4/5/2011,2.396062
4/7/2011,2.336471
4/8/2011,2.332865
4/11/2011,2.383941
4/12/2011,2.3799
4/18/2011,2.385287
4/19/2011,2.400439
4/20/2011,2.403806
4/21/2011,2.368934
4/22/2011,2.363163
4/25/2011,2.349937
4/26/2011,2.354506
4/27/2011,2.360277
4/28/2011,2.406452
4/29/2011,2.412225
5/3/2011,2.403566
5/4/2011,2.412225
5/6/2011,2.414245
5/9/2011,2.422327
5/10/2011,2.429062
5/11/2011,2.430986
5/12/2011,2.446574
5/13/2011,2.452636
5/18/2011,2.449749
5/19/2011,2.454079
5/20/2011,2.479581
5/23/2011,2.464424
5/24/2011,2.471401
5/25/2011,2.507491
5/26/2011,2.521688
5/27/2011,2.51495
5/30/2011,2.527704
5/31/2011,2.570542
6/1/2011,2.540218
6/2/2011,2.573911
6/3/2011,2.585465
6/6/2011,2.636017
6/7/2011,2.708252
6/8/2011,2.745823
6/9/2011,2.759986
6/10/2011,2.76437
6/13/2011,2.760998
6/14/2011,2.797855
6/15/2011,2.798096
6/16/2011,2.803155
6/17/2011,2.803637
6/20/2011,2.803637
6/21/2011,2.811587
6/22/2011,2.806528
6/23/2011,2.808214
6/24/2011,2.811587
6/27/2011,2.833994
6/28/2011,2.844114
6/29/2011,2.865561
6/30/2011,2.873995
7/4/2011,2.857126
7/5/2011,2.854235
7/6/2011,2.867247
7/7/2011,2.862187
7/8/2011,2.847006
7/11/2011,2.857126
7/12/2011,2.8993
7/13/2011,2.894721
7/14/2011,2.902674
7/18/2011,2.938107
7/19/2011,2.99018
7/20/2011,3.01405
7/21/2011,3.034306
7/22/2011,3.042746
7/25/2011,3.056252
7/26/2011,3.063969
7/27/2011,3.065416
7/28/2011,3.059628
7/29/2011,3.065416
8/1/2011,3.081576
8/2/2011,3.087124
8/3/2011,3.100149
8/4/2011,3.103044
8/5/2011,3.126491
8/8/2011,3.124754
8/9/2011,3.132233
8/10/2011,3.15689
8/11/2011,3.158048
8/15/2011,3.17542
8/16/2011,3.181211
8/17/2011,3.19569
8/18/2011,3.200033
8/19/2011,3.210169
8/22/2011,3.220305
8/23/2011,3.233578
8/24/2011,3.224649
8/25/2011,3.243474
8/26/2011,3.26737
8/29/2011,3.263749
8/30/2011,3.324826
8/31/2011,3.334967
9/1/2011,3.362011
9/2/2011,3.367082
9/5/2011,3.370463
9/6/2011,3.368773
9/7/2011,3.34052
9/8/2011,3.34052
9/9/2011,3.399202
9/12/2011,3.404274
9/13/2011,3.404274
9/14/2011,3.402825
9/15/2011,3.41007
9/16/2011,3.421181
9/19/2011,3.415867
9/20/2011,3.427461
9/21/2011,3.422872
9/22/2011,3.412389
9/23/2011,3.472392
9/26/2011,3.467174
9/27/2011,3.47964
9/28/2011,3.483989
9/29/2011,3.498969
9/30/2011,3.50066
10/3/2011,3.50066
10/4/2011,3.493895
10/5/2011,3.493895
10/6/2011,3.47964
10/7/2011,3.476983
10/10/2011,3.476741
10/11/2011,3.456448
10/12/2011,3.454999
10/13/2011,3.451617
10/14/2011,3.456448
10/17/2011,3.454999
10/18/2011,3.453549
10/19/2011,3.4521
10/20/2011,3.456448
10/21/2011,3.452969
10/25/2011,3.45669
10/26/2011,3.459347
10/27/2011,3.463695
10/28/2011,3.470218
10/31/2011,3.463695
11/1/2011,3.472392
11/2/2011,3.472392
11/3/2011,3.469493
11/4/2011,3.468527
11/7/2011,3.470943
11/8/2011,3.462246
11/9/2011,3.457897
11/10/2011,3.440505
11/11/2011,3.431084
11/14/2011,3.429635
11/15/2011,3.412027
11/16/2011,3.408962
11/17/2011,3.405723
11/18/2011,3.407172
11/21/2011,3.405723
11/22/2011,3.399202
11/23/2011,3.39413
11/24/2011,3.386885
11/25/2011,3.37225
11/28/2011,3.343195
11/29/2011,3.358105
11/30/2011,3.293881
12/1/2011,3.282578
12/2/2011,3.30416
12/6/2011,3.249122
12/7/2011,3.243315
12/8/2011,3.262115
12/9/2011,3.237522
12/13/2011,3.18845
12/14/2011,3.181211
12/15/2011,3.179763
12/16/2011,3.179763
12/19/2011,3.172525
12/20/2011,3.168182
12/21/2011,3.168182
12/22/2011,3.165286
12/23/2011,3.165286
12/26/2011,3.165286
12/27/2011,3.155153
12/28/2011,3.152499
12/29/2011,3.140677
12/30/2011,3.137782
1/4/2012,3.137782
1/5/2012,3.120412
1/6/2012,3.113175
1/9/2012,3.113175
1/10/2012,3.100149
1/11/2012,3.09436
1/12/2012,3.097254
1/13/2012,3.100149
1/16/2012,3.103044
1/17/2012,3.104491
1/18/2012,3.114622
1/19/2012,3.114622
1/20/2012,3.114622
1/23/2012,3.111728
1/24/2012,3.091465
1/25/2012,3.068069
1/26/2012,3.058181
1/27/2012,3.056734
1/30/2012,3.052393
1/31/2012,3.049499
2/1/2012,3.036476
2/2/2012,3.036476
2/3/2012,3.024901
2/6/2012,3.024901
2/7/2012,3.024901
2/8/2012,3.019114
2/9/2012,3.017667
2/10/2012,3.017667
2/13/2012,3.019114
2/14/2012,3.014774
2/15/2012,3.000885
2/16/2012,3.01622
2/17/2012,3.01622
2/20/2012,3.013327
2/21/2012,3.013327
2/22/2012,3.008987
2/23/2012,3.014774
2/24/2012,3.014774
2/27/2012,3.015497
2/28/2012,3.015497
2/29/2012,3.016944
3/1/2012,3.016944
3/2/2012,3.008263
3/5/2012,3.008263
3/6/2012,3.008263
3/8/2012,3.010433
3/9/2012,3.008987
3/12/2012,3.008987
3/13/2012,3.010675
3/14/2012,3.010433
3/15/2012,3.008987
3/16/2012,3.008987
3/19/2012,3.008987
3/20/2012,3.008987
3/21/2012,3.008263
3/22/2012,3.008263
3/23/2012,3.00754
3/26/2012,3.006093
3/27/2012,3.006093
3/28/2012,3.006817
3/29/2012,3.006817
3/30/2012,3.006817
4/2/2012,3.00537
4/3/2012,3.00537
4/4/2012,3.006093
4/5/2012,3.006093
4/10/2012,3.00754
4/11/2012,3.00754
4/12/2012,3.00754
4/17/2012,3.00754
4/18/2012,3.00754
4/19/2012,3.010433
4/20/2012,3.010433
4/23/2012,3.010433
4/24/2012,3.013327
4/25/2012,3.013327
4/26/2012,3.013327
4/27/2012,3.013327
4/30/2012,3.01188
5/2/2012,3.01188
5/3/2012,3.010433
5/4/2012,3.010433
5/8/2012,2.99018
5/9/2012,2.98584
5/10/2012,2.985358
5/11/2012,2.9815
5/14/2012,2.968481
5/15/2012,2.970169
5/16/2012,2.974267
5/17/2012,2.974267
5/18/2012,2.968481
5/21/2012,2.965588
5/22/2012,2.964142
5/23/2012,2.967035
5/24/2012,2.965588
5/25/2012,2.964142
5/28/2012,2.971374
5/29/2012,2.973544
5/30/2012,2.974267
5/31/2012,2.971374
6/1/2012,2.973544
6/5/2012,2.965588
6/6/2012,2.967035
6/7/2012,2.967035
6/8/2012,2.964142
6/11/2012,2.965588
6/12/2012,2.962695
6/13/2012,2.962695
6/14/2012,2.962695
6/15/2012,2.964142
6/18/2012,2.961249
6/19/2012,2.958356
6/20/2012,2.949677
6/21/2012,2.951124
6/22/2012,2.942446
6/25/2012,2.943892
6/26/2012,2.945338
6/27/2012,2.945338
6/28/2012,2.951124
6/29/2012,2.958356
7/2/2012,2.964142
7/3/2012,2.962695
7/4/2012,2.969928
7/5/2012,2.969928
7/6/2012,2.967035
7/9/2012,2.967035
7/10/2012,2.967035
7/11/2012,2.967035
7/12/2012,2.967035
7/13/2012,2.965588
7/16/2012,2.965588
7/17/2012,2.961249
7/18/2012,2.959802
7/19/2012,2.959802
7/20/2012,2.962695
7/23/2012,2.964142
7/24/2012,2.965588
7/25/2012,2.965588
7/26/2012,2.965588
7/27/2012,2.968481
7/30/2012,2.968481
7/31/2012,2.968481
8/1/2012,2.967035
8/3/2012,2.958356
8/6/2012,2.95257
8/7/2012,2.917859
8/8/2012,2.916413
8/9/2012,2.916413
8/10/2012,2.916413
8/14/2012,2.916413
8/15/2012,2.91352
8/16/2012,2.914967
8/17/2012,2.914967
8/20/2012,2.919305
8/21/2012,2.927983
8/22/2012,2.92509
8/23/2012,2.924608
8/24/2012,2.922198
8/27/2012,2.923644
8/28/2012,2.912074
8/29/2012,2.91111
8/30/2012,2.912074
8/31/2012,2.910628
9/3/2012,2.910628
9/4/2012,2.909182
9/5/2012,2.909182
9/6/2012,2.909182
9/7/2012,2.903397
9/10/2012,2.885804
9/11/2012,2.883153
9/12/2012,2.883153
9/13/2012,2.881707
9/14/2012,2.881707
9/17/2012,2.881707
9/18/2012,2.881707
9/19/2012,2.881707
9/20/2012,2.884599
9/21/2012,2.886045
9/24/2012,2.886045
9/25/2012,2.886768
9/26/2012,2.88966
9/27/2012,2.892552
9/28/2012,2.907013
10/1/2012,2.923841
10/2/2012,2.960606
10/3/2012,2.958356
10/4/2012,2.964799
10/5/2012,2.961117
10/8/2012,2.969494
10/9/2012,2.970322
10/10/2012,2.971243
10/11/2012,2.968481
10/12/2012,2.973084
10/15/2012,2.974004
10/16/2012,2.986892
10/17/2012,2.788315
10/18/2012,2.79181
10/19/2012,2.783532
10/22/2012,2.765045
10/24/2012,2.765597
10/25/2012,2.765137
10/26/2012,2.760538
10/29/2012,2.757779
10/30/2012,2.750422
10/31/2012,2.750422
11/1/2012,2.752261
11/2/2012,2.749042
11/5/2012,2.738466
11/6/2012,2.708121
11/7/2012,2.69249
11/8/2012,2.693409
11/9/2012,2.699846
11/12/2012,2.699846
11/13/2012,2.701685
11/14/2012,2.705362
11/15/2012,2.706282
11/16/2012,2.705362
11/19/2012,2.703523
11/20/2012,2.710879
11/21/2012,2.70904
11/22/2012,2.70996
11/23/2012,2.716397
11/26/2012,2.717316
11/27/2012,2.72927
11/28/2012,2.73111
11/29/2012,2.733684
11/30/2012,2.742145
12/3/2012,2.752261
12/4/2012,2.751387
12/6/2012,2.75456
12/7/2012,2.753641
12/11/2012,2.758239
12/12/2012,2.759481
12/13/2012,2.758239
12/14/2012,2.760078
12/17/2012,2.760998
12/18/2012,2.759481
12/19/2012,2.759159
12/20/2012,2.757319
12/21/2012,2.758239
12/24/2012,2.759159
12/25/2012,2.759481
12/26/2012,2.760078
12/27/2012,2.758699
12/28/2012,2.758699
1/2/2013,2.757779
1/3/2013,2.75502
1/4/2013,2.74987
1/7/2013,2.743065
1/8/2013,2.732949
1/9/2013,2.732949
1/10/2013,2.732029
1/11/2013,2.727431
1/14/2013,2.727431
1/15/2013,2.711799
1/16/2013,2.70904
1/17/2013,2.708121
1/18/2013,2.710879
1/21/2013,2.703523
1/22/2013,2.688812
1/23/2013,2.690651
1/24/2013,2.69157
1/25/2013,2.694329
1/28/2013,2.699846
1/29/2013,2.702604
1/30/2013,2.704443
1/31/2013,2.705362
2/1/2013,2.707201
2/4/2013,2.708121
2/5/2013,2.693409
2/6/2013,2.696168
2/7/2013,2.690651
2/8/2013,2.690651
2/11/2013,2.685594
2/12/2013,2.702144
2/13/2013,2.703064
2/14/2013,2.703983
2/15/2013,2.706282
2/18/2013,2.703523
2/19/2013,2.708121
2/20/2013,2.711799
2/21/2013,2.710879
2/22/2013,2.707201
2/26/2013,2.712718
2/27/2013,2.717316
2/28/2013,2.719155
3/1/2013,2.720075
3/4/2013,2.717316
3/5/2013,2.71042
3/6/2013,2.71042
3/7/2013,2.707661
3/8/2013,2.706742
3/11/2013,2.70904
3/12/2013,2.707201
3/13/2013,2.705362
3/14/2013,2.702604
3/15/2013,2.701685
3/18/2013,2.701685
3/19/2013,2.697271
3/20/2013,2.696168
3/21/2013,2.69157
3/22/2013,2.686146
3/25/2013,2.684215
3/26/2013,2.660312
3/27/2013,2.661874
3/28/2013,2.66307
3/29/2013,2.667666
4/1/2013,2.666747
4/2/2013,2.677779
4/3/2013,2.686973
4/4/2013,2.689732
4/5/2013,2.696513
4/9/2013,2.700765
4/10/2013,2.706282
4/11/2013,2.70996
4/12/2013,2.7175
4/17/2013,2.714558
4/18/2013,2.711799
4/19/2013,2.712718
4/22/2013,2.715477
4/23/2013,2.712718
4/24/2013,2.70996
4/25/2013,2.714466
4/26/2013,2.711799
4/29/2013,2.69626
4/30/2013,2.687157
5/2/2013,2.661874
5/3/2013,2.64928
5/7/2013,2.629976
5/8/2013,2.631814
5/9/2013,2.619865
5/10/2013,2.603321
5/13/2013,2.607916
5/14/2013,2.606078
5/15/2013,2.596887
5/16/2013,2.598174
5/17/2013,2.595049
5/20/2013,2.595049
5/21/2013,2.578966
5/22/2013,2.571154
5/23/2013,2.57483
5/27/2013,2.572992
5/28/2013,2.580344
5/29/2013,2.565824
5/30/2013,2.559208
5/31/2013,2.559208
6/3/2013,2.563803
6/4/2013,2.558749
6/5/2013,2.555532
6/6/2013,2.553695
6/7/2013,2.556727
6/10/2013,2.561965
6/11/2013,2.566835
6/12/2013,2.563803
6/13/2013,2.55737
6/14/2013,2.548181
6/17/2013,2.556451
6/18/2013,2.54083
6/19/2013,2.535317
6/20/2013,2.541749
6/21/2013,2.539544
6/24/2013,2.538074
6/25/2013,2.52521
6/26/2013,2.52521
6/27/2013,2.52521
6/28/2013,2.526129
7/2/2013,2.533479
7/3/2013,2.534398
7/4/2013,2.533479
7/5/2013,2.526129
7/8/2013,2.529804
7/9/2013,2.529437
7/10/2013,2.526129
7/11/2013,2.52521
7/12/2013,2.524291
7/15/2013,2.524291
7/16/2013,2.519697
7/17/2013,2.51786
7/18/2013,2.512347
7/19/2013,2.509591
7/23/2013,2.508672
7/24/2013,2.509591
7/25/2013,2.511245
7/26/2013,2.493054
7/29/2013,2.492136
7/30/2013,2.48938
7/31/2013,2.486624
8/1/2013,2.48497
8/2/2013,2.48203
8/5/2013,2.481112
8/6/2013,2.457229
8/7/2013,2.451717
8/8/2013,2.446206
8/9/2013,2.443451
8/13/2013,2.445288
8/14/2013,2.448043
8/15/2013,2.445288
8/16/2013,2.449605
8/19/2013,2.446206
8/20/2013,2.444369
8/21/2013,2.444369
8/22/2013,2.461617
8/23/2013,2.459066
8/26/2013,2.466414
8/27/2013,2.484786
8/28/2013,2.493973
8/29/2013,2.50316
8/30/2013,2.492044
9/2/2013,2.48497
9/3/2013,2.48396
9/4/2013,2.491033
9/5/2013,2.490023
9/6/2013,2.491033
9/9/2013,2.488507
9/10/2013,2.48396
9/11/2013,2.486317
9/12/2013,2.48497
9/13/2013,2.48497
9/16/2013,2.48396
9/17/2013,2.491033
9/18/2013,2.48497
9/19/2013,2.481826
9/20/2013,2.476886
9/23/2013,2.482949
9/24/2013,2.477897
9/25/2013,2.481939
9/26/2013,2.480928
9/27/2013,2.48396
9/30/2013,2.500128
10/1/2013,2.499118
10/2/2013,2.493973
10/3/2013,2.498566
10/4/2013,2.499485
10/7/2013,2.500404
10/8/2013,2.50316
10/9/2013,2.500914
10/10/2013,2.501897
10/11/2013,2.501897
10/14/2013,2.505406
10/15/2013,2.505686
10/16/2013,2.505686
10/17/2013,2.504423
10/18/2013,2.497385
10/21/2013,2.497385
10/22/2013,2.500633
10/24/2013,2.49937
10/25/2013,2.496212
10/28/2013,2.496844
10/29/2013,2.494317
10/30/2013,2.493686
10/31/2013,2.493054
11/1/2013,2.491791
11/4/2013,2.488633
11/5/2013,2.48737
11/6/2013,2.48737
11/7/2013,2.48737
11/8/2013,2.488002
11/11/2013,2.505686
11/12/2013,2.505686
11/13/2013,2.50316
11/14/2013,2.505686
11/15/2013,2.504423
11/18/2013,2.509476
11/19/2013,2.508935
11/20/2013,2.508213
11/21/2013,2.508213
11/22/2013,2.509476
11/25/2013,2.515793
11/26/2013,2.515793
11/27/2013,2.280934
11/28/2013,2.282377
11/29/2013,2.273723
12/2/2013,2.285983
12/3/2013,2.292293
12/4/2013,2.29608
12/6/2013,2.299866
12/9/2013,2.303653
12/11/2013,2.303653
12/12/2013,2.303653
12/13/2013,2.30239
12/16/2013,2.311226
12/17/2013,2.317537
12/18/2013,2.317537
12/19/2013,2.315012
12/20/2013,2.309964
12/23/2013,2.305456
12/24/2013,2.304915
12/25/2013,2.30239
12/26/2013,2.298604
12/27/2013,2.296801
1/2/2014,2.287245
1/3/2014,2.277148
1/6/2014,2.256483
1/7/2014,2.236234
1/8/2014,2.224513
1/9/2014,2.217392
1/10/2014,2.210417
1/13/2014,2.205986
1/14/2014,2.20182
1/15/2014,2.198995
1/16/2014,2.193903
1/17/2014,2.194516
1/20/2014,2.196085
1/21/2014,2.193084
1/22/2014,2.197892
1/23/2014,2.201557
1/24/2014,2.204652
1/27/2014,2.214471
1/28/2014,2.223726
1/29/2014,2.227573
1/30/2014,2.230663
1/31/2014,2.230535
2/3/2014,2.232388
2/4/2014,2.233316
2/5/2014,2.233779
2/6/2014,2.234642
2/7/2014,2.233811
2/10/2014,2.233396
2/11/2014,2.227774
2/12/2014,2.225331
2/13/2014,2.221891
2/17/2014,2.217342
2/18/2014,2.215068
2/19/2014,2.213931
2/20/2014,2.213281
2/21/2014,2.210513
2/24/2014,2.210361
2/25/2014,2.206519
2/26/2014,2.205078
2/27/2014,2.205903
2/28/2014,2.206109
3/3/2014,2.204924
3/4/2014,2.20025
3/5/2014,2.197672
3/6/2014,2.198288
3/7/2014,2.184565
3/10/2014,2.167948
3/11/2014,2.166889
3/12/2014,2.071525
3/13/2014,2.063644
3/14/2014,2.042104
3/17/2014,2.029917
3/18/2014,2.028131
3/19/2014,2.027198
3/20/2014,2.029472
3/21/2014,2.030223
3/24/2014,2.031961
3/25/2014,2.032417
3/26/2014,2.038376
3/27/2014,2.039866
3/28/2014,2.036642
3/31/2014,2.034172
4/1/2014,2.033246
4/2/2014,2.032899
4/3/2014,2.03007
4/4/2014,2.026886
4/8/2014,2.025825
4/9/2014,2.027712
4/10/2014,2.028386
4/11/2014,2.021843
4/16/2014,2.021145
4/17/2014,2.015781
4/18/2014,2.014064
4/21/2014,2.017068
4/22/2014,2.016949
4/23/2014,2.014669
4/24/2014,2.012788
4/25/2014,2.012161
4/28/2014,2.011239
4/29/2014,2.010779
4/30/2014,2.009759
5/2/2014,2.007789
5/6/2014,2.008176
5/7/2014,2.008603
5/8/2014,2.00855
5/9/2014,2.007406
5/12/2014,2.008019
5/14/2014,2.007157
5/15/2014,2.006774
5/16/2014,2.007165
5/19/2014,2.009019
5/20/2014,2.009784
5/21/2014,2.010183
5/22/2014,2.01036
5/23/2014,2.010439
5/26/2014,2.012715
5/27/2014,2.013223
5/28/2014,2.013393
5/29/2014,2.014588
5/30/2014,2.01512
6/2/2014,2.015085
6/3/2014,2.016573
6/4/2014,2.017235
6/5/2014,2.018649
6/6/2014,2.019726
6/9/2014,2.021325
6/10/2014,2.022597
6/11/2014,2.023161
6/12/2014,2.023412
6/13/2014,2.023524
6/16/2014,2.025805
6/17/2014,2.027389
6/18/2014,2.028093
6/19/2014,2.028406
6/20/2014,2.028545
6/23/2014,2.02974
6/24/2014,2.031379
6/25/2014,2.032108
6/26/2014,2.032992
6/27/2014,2.033385
6/30/2014,2.033559
7/2/2014,2.033637
7/3/2014,2.033671
7/4/2014,2.033686
7/7/2014,2.032573
7/8/2014,2.030957
7/9/2014,2.028303
7/10/2014,2.027379
7/14/2014,2.025847
7/15/2014,2.024046
7/16/2014,2.021516
7/17/2014,2.022121
7/18/2014,2.02239
7/21/2014,2.018027
7/22/2014,2.011605
7/23/2014,2.00539
7/24/2014,2.001507
7/25/2014,1.999781
7/28/2014,1.999014
7/29/2014,1.999794
7/30/2014,2.00014
7/31/2014,1.999367
8/1/2014,1.997817
8/4/2014,1.997516
8/5/2014,1.997349
8/6/2014,1.995575
8/7/2014,1.996221
8/8/2014,1.994631
8/13/2014,1.996165
8/14/2014,1.996847
8/15/2014,1.996029
8/18/2014,1.995105
8/19/2014,1.994232
8/20/2014,1.994307
8/21/2014,1.99434
8/22/2014,1.993685
8/25/2014,1.994064
8/26/2014,1.994232
8/27/2014,1.995428
8/28/2014,1.995959
8/29/2014,1.997316
9/1/2014,1.999159
9/2/2014,1.99878
9/3/2014,1.99969
9/4/2014,2.000094
9/5/2014,2.000274
9/8/2014,1.999025
9/9/2014,1.997488
9/10/2014,1.996874
9/11/2014,1.996602
9/12/2014,1.99556
9/15/2014,1.996018
9/16/2014,1.996221
9/17/2014,1.996312
9/18/2014,1.996351
9/19/2014,1.996369
9/22/2014,1.996043
9/23/2014,1.996494
9/24/2014,1.997554
9/25/2014,1.998024
9/26/2014,1.999354
9/29/2014,2.002659
9/30/2014,2.005896
10/1/2014,2.006189
10/2/2014,2.005367
10/3/2014,2.00623
10/6/2014,2.012851
10/7/2014,2.014266
10/8/2014,2.014832
10/9/2014,2.013848
10/10/2014,2.014903
10/13/2014,2.017236
10/14/2014,2.017161
10/15/2014,2.016123
10/16/2014,2.016575
10/17/2014,2.0171
10/20/2014,2.017256
10/21/2014,2.018582
10/22/2014,2.019111
10/24/2014,2.020858
10/27/2014,2.020998
10/28/2014,2.021054
10/29/2014,2.021077
10/30/2014,2.022094
10/31/2014,2.021341
11/3/2014,2.020719
11/4/2014,2.020471
11/5/2014,2.020057
11/6/2014,2.018706
11/7/2014,2.019161
11/10/2014,2.018335
11/11/2014,2.016995
11/12/2014,2.017783
11/13/2014,2.018098
11/14/2014,2.018224
11/17/2014,2.018309
11/18/2014,2.015467
11/19/2014,2.013605
11/20/2014,2.013047
11/21/2014,2.012879
11/24/2014,2.013268
11/25/2014,2.013903
11/26/2014,2.013665
11/27/2014,2.013546
11/28/2014,2.013487
12/1/2014,2.012503
12/2/2014,2.010945
12/3/2014,2.009173
12/4/2014,2.008641
12/8/2014,2.009541
12/9/2014,2.009916
12/11/2014,2.010066
12/12/2014,2.010284
12/15/2014,2.010205
12/16/2014,2.010182
12/17/2014,2.011181
12/18/2014,2.014987
12/19/2014,2.015478
12/22/2014,2.021245
12/23/2014,2.027441
12/24/2014,2.037248
12/25/2014,2.04117
12/26/2014,2.04173
12/29/2014,2.04198
12/30/2014,2.041046
1/5/2015,2.035168
1/6/2015,2.017856
1/7/2015,2.009351
1/8/2015,2.007823
1/9/2015,2.006203
1/12/2015,1.997488
1/13/2015,1.990976
1/14/2015,1.984338
1/15/2015,1.981683
1/16/2015,1.98147
1/19/2015,1.980032
1/20/2015,1.978628
1/21/2015,1.977602
1/22/2015,1.977088
1/23/2015,1.97658
1/26/2015,1.976325
1/27/2015,1.975372
1/28/2015,1.984433
1/29/2015,1.985366
1/30/2015,1.982807
2/2/2015,1.981528
2/3/2015,1.980889
2/4/2015,1.980569
2/5/2015,1.980409
2/6/2015,1.980329
2/9/2015,1.981802
2/10/2015,1.98319
2/11/2015,1.986631
2/12/2015,1.988482
2/13/2015,1.994433
2/16/2015,2.000955
2/17/2015,2.002703
2/18/2015,2.003577
2/19/2015,2.004014
2/20/2015,2.003225
2/23/2015,2.000812
2/24/2015,1.998598
2/25/2015,1.997491
2/26/2015,1.995929
2/27/2015,1.995148
3/2/2015,1.980965
3/3/2015,1.976574
3/5/2015,1.968268
3/6/2015,1.965148
3/9/2015,1.958486
3/10/2015,1.958828
3/11/2015,1.824078
3/12/2015,1.779372
3/13/2015,1.770137
3/16/2015,1.766548
3/17/2015,1.762783
3/18/2015,1.760268
3/19/2015,1.759989
3/20/2015,1.759539
3/23/2015,1.759908
3/24/2015,1.760987
3/25/2015,1.760755
3/26/2015,1.760708
3/27/2015,1.761123
3/30/2015,1.760157
3/31/2015,1.76006
4/1/2015,1.760373
4/2/2015,1.759009
4/3/2015,1.758873
4/7/2015,1.756423
4/8/2015,1.757437
4/9/2015,1.754165
4/10/2015,1.754014
4/16/2015,1.74821
4/17/2015,1.744104
4/20/2015,1.736642
4/21/2015,1.728055
4/22/2015,1.725445
4/23/2015,1.724176
4/24/2015,1.725854
4/27/2015,1.722119
4/28/2015,1.722421
4/29/2015,1.5712
4/30/2015,1.535567
5/6/2015,1.52832
5/7/2015,1.526777
5/8/2015,1.524456
5/11/2015,1.522941
5/12/2015,1.522103
5/13/2015,1.521512
5/14/2015,1.520668
5/15/2015,1.519492
5/18/2015,1.518912
5/19/2015,1.515777
5/20/2015,1.513772
5/21/2015,1.514177
5/22/2015,1.511333
5/25/2015,1.509758
5/26/2015,1.503405
5/27/2015,1.502633
5/28/2015,1.500313
5/29/2015,1.495828
6/2/2015,1.480734
6/3/2015,1.489845
6/4/2015,1.494204
6/5/2015,1.495173
6/8/2015,1.494314
6/9/2015,1.494228
6/10/2015,1.493429
6/11/2015,1.493061
6/12/2015,1.492915
6/15/2015,1.490843
6/16/2015,1.489216
6/17/2015,1.486534
6/18/2015,1.486546
6/19/2015,1.485544
6/22/2015,1.481659
6/23/2015,1.481271
6/24/2015,1.477505
6/25/2015,1.477636
6/26/2015,1.480706
6/29/2015,1.481628
6/30/2015,1.48331
7/2/2015,1.483607
7/3/2015,1.484229
7/6/2015,1.483472
7/7/2015,1.481156
7/8/2015,1.479224
7/9/2015,1.476632
7/10/2015,1.474898
7/13/2015,1.467943
7/14/2015,1.455484
7/15/2015,1.453999
7/16/2015,1.454662
7/17/2015,1.453835
7/20/2015,1.453607
7/21/2015,1.45069
7/22/2015,1.449392
7/23/2015,1.452781
7/24/2015,1.452452
7/27/2015,1.452386
7/28/2015,1.446201
7/29/2015,1.44357
7/31/2015,1.445319
8/3/2015,1.43955
8/4/2015,1.433366
8/5/2015,1.435147
8/6/2015,1.43651
8/7/2015,1.435776
8/10/2015,1.434697
8/11/2015,1.433297
8/13/2015,1.433261
8/14/2015,1.43412
8/17/2015,1.433286
8/18/2015,1.433119
8/19/2015,1.431074
8/20/2015,1.431344
8/21/2015,1.433411
8/24/2015,1.43483
8/25/2015,1.44052
8/26/2015,1.443736
8/27/2015,1.444379
8/28/2015,1.443941
8/31/2015,1.443253
9/1/2015,1.444015
9/2/2015,1.440831
9/3/2015,1.443326
9/4/2015,1.443762
9/7/2015,1.4432
9/8/2015,1.445546
9/9/2015,1.44625
9/10/2015,1.449409
9/11/2015,1.453334
9/14/2015,1.459654
9/15/2015,1.464556
9/16/2015,1.470117
9/17/2015,1.468657
9/18/2015,1.468779
9/21/2015,1.474273
9/22/2015,1.477004
9/23/2015,1.478327
9/24/2015,1.480302
9/25/2015,1.482335
9/28/2015,1.487773
9/29/2015,1.493166
9/30/2015,1.495251
10/1/2015,1.49487
10/2/2015,1.494756
10/5/2015,1.498752
10/6/2015,1.498545
10/7/2015,1.499261
10/8/2015,1.49351
10/9/2015,1.466292
10/12/2015,1.455995
10/13/2015,1.449935
10/14/2015,1.447444
10/15/2015,1.447195
10/16/2015,1.446139
10/19/2015,1.443012
10/20/2015,1.446411
10/21/2015,1.447391
10/22/2015,1.449299
10/26/2015,1.45291
10/27/2015,1.452422
10/28/2015,1.45454
10/29/2015,1.456712
10/30/2015,1.457836
11/2/2015,1.456018
11/3/2015,1.456001
11/4/2015,1.456933
11/5/2015,1.457119
11/6/2015,1.457268
11/9/2015,1.457313
11/10/2015,1.457326
11/11/2015,1.458335
11/12/2015,1.460148
11/13/2015,1.460074
11/16/2015,1.458665
11/17/2015,1.456874
11/18/2015,1.456188
11/19/2015,1.456152
11/20/2015,1.462848
11/23/2015,1.47408
11/24/2015,1.478456
11/25/2015,1.48235
11/26/2015,1.484135
11/27/2015,1.485497
11/30/2015,1.488789
12/1/2015,1.491925
12/2/2015,1.492552
12/3/2015,1.49304
12/4/2015,1.49496
12/8/2015,1.49741
12/9/2015,1.499813
12/11/2015,1.500024
12/14/2015,1.500569
12/15/2015,1.502083
12/16/2015,1.501583
12/17/2015,1.50482
12/18/2015,1.504787
12/21/2015,1.505279
12/22/2015,1.505426
12/23/2015,1.505548
12/24/2015,1.505607
12/25/2015,1.504502
12/28/2015,1.502677
12/29/2015,1.499111
12/30/2015,1.495927
1/4/2016,1.476899
1/5/2016,1.460948
1/6/2016,1.45933
1/7/2016,1.451777
1/8/2016,1.435677
1/11/2016,1.430758
1/12/2016,1.427279
1/13/2016,1.424125
1/14/2016,1.420495
1/15/2016,1.41327
1/18/2016,1.395117
1/19/2016,1.38995
1/20/2016,1.389287
1/21/2016,1.396889
1/22/2016,1.40639
1/25/2016,1.397608
1/26/2016,1.399752
1/27/2016,1.398586
1/28/2016,1.40242
1/29/2016,1.397871
2/1/2016,1.390513
2/2/2016,1.390183
2/3/2016,1.390966
2/4/2016,1.389718
2/5/2016,1.390289
2/8/2016,1.387612
2/9/2016,1.388507
2/10/2016,1.386687
2/11/2016,1.380536
2/12/2016,1.38572
2/15/2016,1.383368
2/16/2016,1.386259
2/17/2016,1.387359
2/18/2016,1.387323
2/19/2016,1.389718
2/23/2016,1.389451
2/24/2016,1.394924
2/25/2016,1.397893
2/26/2016,1.400067
2/29/2016,1.400257
3/1/2016,1.399592
3/2/2016,1.398365
3/3/2016,1.396189
3/4/2016,1.396418
3/7/2016,1.392413
3/8/2016,1.390909
3/9/2016,1.390407
3/10/2016,1.389527
3/11/2016,1.387924
3/14/2016,1.385512
3/15/2016,1.384087
3/16/2016,1.383421
3/17/2016,1.374405
3/18/2016,1.365418
3/21/2016,1.355872
3/22/2016,1.354438
3/23/2016,1.356326
3/24/2016,1.356924
3/25/2016,1.359085
3/28/2016,1.366508
3/29/2016,1.374069
3/30/2016,1.379042
3/31/2016,1.377135
4/1/2016,1.372396
4/4/2016,1.363902
4/5/2016,1.35889
4/7/2016,1.357006
4/8/2016,1.356283
4/11/2016,1.354417
4/12/2016,1.354127
4/18/2016,1.353863
4/19/2016,1.351628
4/20/2016,1.350818
4/21/2016,1.351848
4/22/2016,1.350064
4/25/2016,1.351628
4/26/2016,1.353961
4/27/2016,1.353888
4/28/2016,1.353238
4/29/2016,1.356944
5/3/2016,1.359045
5/4/2016,1.359632
5/9/2016,1.357946
5/10/2016,1.356015
5/11/2016,1.355682
5/12/2016,1.356167
5/13/2016,1.357205
5/16/2016,1.357176
5/17/2016,1.366061
5/18/2016,1.370365
5/19/2016,1.38855
5/23/2016,1.398368
5/24/2016,1.404993
5/25/2016,1.411263
5/26/2016,1.412471
5/27/2016,1.415839
5/30/2016,1.41613
5/31/2016,1.428283
6/1/2016,1.427289
6/2/2016,1.428172
6/3/2016,1.425963
6/6/2016,1.416134
6/7/2016,1.407401
6/8/2016,1.402176
6/9/2016,1.387063
6/10/2016,1.378884
6/13/2016,1.369547
6/14/2016,1.364824
6/15/2016,1.361449
6/16/2016,1.361794
6/17/2016,1.356852
6/20/2016,1.35095
6/21/2016,1.350342
6/22/2016,1.348709
6/23/2016,1.349535
6/24/2016,1.352278
6/27/2016,1.347397
6/28/2016,1.346464
6/29/2016,1.348619
6/30/2016,1.350038
7/4/2016,1.348004
7/5/2016,1.339805
7/6/2016,1.337275
7/7/2016,1.335134
7/8/2016,1.334221
7/11/2016,1.331353
7/12/2016,1.324399
7/13/2016,1.318879
7/14/2016,1.32126
7/15/2016,1.324091
7/20/2016,1.326307
7/21/2016,1.328495
7/22/2016,1.329293
7/25/2016,1.330247
7/26/2016,1.330802
7/27/2016,1.332636
7/28/2016,1.333345
7/29/2016,1.33375
8/1/2016,1.332492
8/2/2016,1.330167
8/3/2016,1.327635
8/4/2016,1.327067
8/5/2016,1.325407
8/8/2016,1.324373
8/9/2016,1.324074
8/10/2016,1.325131
8/11/2016,1.32552
8/15/2016,1.327544
8/16/2016,1.328301
8/17/2016,1.327988
8/18/2016,1.326932
8/19/2016,1.328155
8/22/2016,1.328454
8/23/2016,1.329401
8/24/2016,1.330496
8/25/2016,1.332559
8/26/2016,1.335212
8/29/2016,1.337184
8/30/2016,1.346928
8/31/2016,1.354392
9/1/2016,1.359216
9/2/2016,1.366841
9/5/2016,1.3776
9/6/2016,1.382931
9/7/2016,1.384892
9/8/2016,1.38574
9/9/2016,1.385971
9/12/2016,1.387287
9/13/2016,1.388999
9/14/2016,1.389678
9/15/2016,1.390602
9/16/2016,1.398189
9/19/2016,1.402847
9/20/2016,1.407475
9/21/2016,1.409134
9/22/2016,1.409166
9/23/2016,1.409805
9/26/2016,1.41198
9/27/2016,1.412147
9/28/2016,1.412189
9/29/2016,1.412199
9/30/2016,1.412202
10/3/2016,1.410945
10/4/2016,1.405632
10/5/2016,1.403392
10/6/2016,1.401239
10/7/2016,1.40234
10/10/2016,1.40345
10/11/2016,1.403714
10/12/2016,1.406966
10/13/2016,1.40775
10/14/2016,1.413101
10/17/2016,1.416775
10/18/2016,1.424
10/19/2016,1.424183
10/20/2016,1.427384
10/21/2016,1.427076
10/25/2016,1.436041
10/26/2016,1.439334
10/27/2016,1.440075
10/28/2016,1.444742
10/31/2016,1.444482
11/1/2016,1.44316
11/2/2016,1.441446
11/3/2016,1.439508
11/4/2016,1.438246
11/7/2016,1.434558
11/8/2016,1.433594
11/9/2016,1.432767
11/10/2016,1.434949
11/11/2016,1.439597
11/14/2016,1.448627
11/15/2016,1.449101
11/16/2016,1.449915
11/17/2016,1.44892
11/18/2016,1.450717
11/21/2016,1.452919
11/22/2016,1.453446
11/23/2016,1.453637
11/24/2016,1.453661
11/25/2016,1.4542
11/28/2016,1.455583
11/29/2016,1.455981
11/30/2016,1.457415
12/1/2016,1.45772
12/2/2016,1.460273
12/6/2016,1.464212
12/7/2016,1.465208
12/8/2016,1.465458
12/9/2016,1.466346
12/13/2016,1.470128
12/14/2016,1.470475
12/15/2016,1.472833
12/16/2016,1.47619
12/19/2016,1.481733
12/20/2016,1.484532
12/21/2016,1.485259
12/22/2016,1.486733
12/23/2016,1.484789
12/26/2016,1.484051
12/27/2016,1.483815
12/28/2016,1.481899
12/29/2016,1.473861
12/30/2016,1.470592
1/4/2017,1.468426
1/5/2017,1.465321
1/6/2017,1.461225
1/9/2017,1.453756
1/10/2017,1.448234
1/11/2017,1.446415
1/12/2017,1.443616
1/13/2017,1.441671
1/16/2017,1.439387
1/17/2017,1.438584
1/18/2017,1.433019
1/19/2017,1.434847
1/20/2017,1.434525
1/23/2017,1.432503
1/24/2017,1.431069
1/25/2017,1.43249
1/26/2017,1.433701
1/27/2017,1.432793
1/30/2017,1.428885
1/31/2017,1.430019
2/1/2017,1.42904
2/2/2017,1.42951
2/3/2017,1.42845
2/6/2017,1.424695
2/7/2017,1.422171
2/8/2017,1.42068
2/9/2017,1.417659
2/10/2017,1.41811
2/14/2017,1.418112
2/15/2017,1.41857
2/16/2017,1.419668
2/17/2017,1.418364
2/20/2017,1.41624
2/21/2017,1.419653
2/22/2017,1.419615
2/23/2017,1.419718
2/24/2017,1.420664
2/27/2017,1.417915
2/28/2017,1.419416
3/1/2017,1.42094
3/2/2017,1.420774
3/3/2017,1.417689
3/6/2017,1.421021
3/7/2017,1.422254
3/8/2017,1.42377
3/9/2017,1.4252
3/10/2017,1.426061
3/13/2017,1.427214
3/14/2017,1.434233
3/15/2017,1.433606
3/16/2017,1.432946
3/17/2017,1.4346
3/20/2017,1.433247
3/21/2017,1.437861
3/22/2017,1.440204
3/23/2017,1.441209
3/24/2017,1.444265
3/27/2017,1.445499
3/28/2017,1.447524
3/29/2017,1.446672
3/30/2017,1.448611
3/31/2017,1.45032
4/3/2017,1.445725
4/4/2017,1.438693
4/5/2017,1.434149
4/7/2017,1.432485
4/10/2017,1.43022
4/11/2017,1.428448
4/12/2017,1.426249
4/17/2017,1.422673
4/18/2017,1.41769
4/19/2017,1.41625
4/20/2017,1.415776
4/21/2017,1.416058
4/24/2017,1.413378
4/25/2017,1.409316
4/26/2017,1.408736
4/27/2017,1.407201
4/28/2017,1.410417
5/2/2017,1.405692
5/3/2017,1.404599
5/4/2017,1.406582
5/5/2017,1.406606
5/8/2017,1.402735
5/9/2017,1.395204
5/11/2017,1.397679
5/12/2017,1.395393
5/15/2017,1.396389
5/16/2017,1.392702
5/17/2017,1.383755
5/18/2017,1.385259
5/19/2017,1.39099
5/22/2017,1.387348
5/23/2017,1.389682
5/24/2017,1.392081
5/25/2017,1.391344
5/26/2017,1.390596
5/29/2017,1.390831
5/30/2017,1.389179
5/31/2017,1.389091
6/1/2017,1.388944
6/2/2017,1.382636
6/5/2017,1.381542
6/6/2017,1.379759
6/7/2017,1.377886
6/8/2017,1.374627
6/9/2017,1.372698
6/12/2017,1.371968
6/13/2017,1.360464
6/14/2017,1.362302
6/15/2017,1.353814
6/16/2017,1.348659
6/19/2017,1.345285
6/20/2017,1.344787
6/21/2017,1.34277
6/22/2017,1.339408
6/23/2017,1.340685
6/26/2017,1.336156
6/27/2017,1.332412
6/28/2017,1.337959
6/29/2017,1.337874
6/30/2017,1.334445
7/3/2017,1.328471
7/4/2017,1.324316
7/5/2017,1.319267
7/6/2017,1.30718
7/7/2017,1.303122
7/11/2017,1.295442
7/12/2017,1.291234
7/13/2017,1.286669
7/14/2017,1.281151
7/17/2017,1.262951
7/18/2017,1.241119
7/19/2017,1.227111
7/20/2017,1.220908
7/21/2017,1.215948
7/24/2017,1.20664
7/25/2017,1.194132
7/26/2017,1.193289
7/27/2017,1.203084
7/31/2017,1.184492
8/1/2017,1.167077
8/2/2017,1.15699
8/3/2017,1.147097
8/4/2017,1.140551
8/7/2017,1.122979
8/8/2017,1.110472
8/9/2017,1.102473
8/10/2017,1.099218
8/11/2017,1.109262
8/15/2017,1.125394
8/16/2017,1.142922
8/17/2017,1.147928
8/18/2017,1.150092
8/21/2017,1.150702
8/22/2017,1.151087
8/23/2017,1.151072
8/24/2017,1.151445
8/25/2017,1.150748
8/28/2017,1.151057
8/29/2017,1.151751
8/30/2017,1.15379
8/31/2017,1.15398
9/1/2017,1.154984
9/4/2017,1.155257
9/5/2017,1.154116
9/6/2017,1.153359
9/7/2017,1.152686
9/8/2017,1.15047
9/11/2017,1.150884
9/12/2017,1.147124
9/13/2017,1.144375
9/14/2017,1.143643
9/15/2017,1.142117
9/18/2017,1.142323
9/19/2017,1.137729
9/20/2017,1.134536
9/21/2017,1.135562
9/22/2017,1.134762
9/25/2017,1.132605
9/26/2017,1.13375
9/27/2017,1.135966
9/28/2017,1.135798
9/29/2017,1.134725
10/2/2017,1.143644
10/3/2017,1.145732
10/4/2017,1.148743
10/5/2017,1.148652
10/6/2017,1.146592
10/9/2017,1.150555
10/10/2017,1.150066
10/11/2017,1.147107
10/12/2017,1.148782
10/16/2017,1.148944
10/17/2017,1.149363
10/18/2017,1.149878
10/19/2017,1.143439
10/20/2017,1.14156
10/24/2017,1.138134
10/25/2017,1.135635
10/27/2017,1.132022
10/30/2017,1.130808
10/31/2017,1.117033
11/1/2017,1.107861
11/2/2017,1.101619
11/3/2017,1.098749
11/6/2017,1.093145
11/7/2017,1.08796
11/8/2017,1.088279
11/9/2017,1.089932
11/10/2017,1.100577
11/13/2017,1.105194
11/14/2017,1.133832
11/15/2017,1.143026
11/16/2017,1.157148
11/17/2017,1.160413
11/20/2017,1.168553
11/21/2017,1.177609
11/22/2017,1.188283
11/23/2017,1.194296
11/24/2017,1.195474
11/27/2017,1.19733
11/28/2017,1.200327
11/29/2017,1.199822
11/30/2017,1.201015
12/1/2017,1.20129
12/4/2017,1.199965
12/6/2017,1.200666
12/7/2017,1.199967
12/8/2017,1.19852
12/12/2017,1.198088
12/13/2017,1.198034
12/14/2017,1.19773
12/15/2017,1.192661
12/18/2017,1.190081
12/19/2017,1.189769
12/20/2017,1.181946
12/21/2017,1.178357
12/22/2017,1.173961
12/25/2017,1.17176
12/26/2017,1.168288
12/27/2017,1.161418
12/28/2017,1.16091
12/29/2017,1.145048
1/3/2018,1.139458
1/4/2018,1.131917
1/5/2018,1.111304
1/8/2018,1.093766
1/9/2018,1.088534
1/10/2018,1.086586
1/11/2018,1.085681
1/12/2018,1.088056
1/15/2018,1.088827
1/16/2018,1.089382
1/17/2018,1.091318
1/18/2018,1.090852
1/19/2018,1.09484
1/22/2018,1.102849
1/23/2018,1.106992
1/24/2018,1.107819
1/25/2018,1.107824
1/26/2018,1.108339
1/29/2018,1.11169
1/30/2018,1.111607
1/31/2018,1.109854
2/1/2018,1.107817
2/2/2018,1.107298
2/5/2018,1.105898
2/6/2018,1.10509
2/7/2018,1.10549
2/8/2018,1.104848
2/9/2018,1.10405
2/12/2018,1.104355
2/13/2018,1.10699
2/14/2018,1.108285
2/15/2018,1.109645
2/16/2018,1.109266
2/19/2018,1.110878
2/20/2018,1.112395
2/21/2018,1.10971
2/22/2018,1.108895
2/23/2018,1.108636
2/26/2018,1.107844
2/27/2018,1.106592
2/28/2018,1.10558
3/2/2018,1.104574
3/5/2018,1.103066
3/6/2018,1.102564
3/7/2018,1.102564
3/8/2018,1.102564
3/9/2018,1.102564
3/12/2018,1.102564
3/13/2018,1.100052
3/14/2018,1.098634
3/15/2018,1.099734
3/16/2018,1.099012
3/19/2018,1.099106
3/20/2018,1.099173
3/21/2018,1.096774
3/22/2018,1.095613
3/23/2018,1.095866
3/26/2018,1.097329
3/27/2018,1.098075
3/28/2018,1.097733
3/29/2018,1.097565
3/30/2018,1.098667
4/2/2018,1.096222
4/3/2018,1.096491
4/4/2018,1.098369
4/5/2018,1.09777
4/9/2018,1.096355
4/10/2018,1.098523
4/11/2018,1.100301
4/12/2018,1.101747
4/17/2018,1.102564
4/18/2018,1.102564
4/19/2018,1.102564
4/20/2018,1.10382
4/23/2018,1.107143
4/24/2018,1.117579
4/25/2018,1.122426
4/26/2018,1.123885
4/27/2018,1.125814
4/30/2018,1.133999
5/2/2018,1.141647
5/3/2018,1.144112
5/4/2018,1.145258
5/7/2018,1.148425
5/8/2018,1.151753
5/9/2018,1.155058
5/10/2018,1.15692
5/11/2018,1.165915
5/14/2018,1.169485
5/15/2018,1.176793
5/16/2018,1.181427
5/17/2018,1.190047
5/18/2018,1.192789
5/21/2018,1.201769
5/22/2018,1.21157
5/23/2018,1.223214
5/24/2018,1.235727
5/25/2018,1.238166
5/28/2018,1.23746
5/30/2018,1.241569
5/31/2018,1.243483
6/1/2018,1.245125
6/4/2018,1.244159
6/5/2018,1.23871
6/6/2018,1.235617
6/7/2018,1.238884
6/8/2018,1.224618
6/11/2018,1.207489
6/12/2018,1.179339
6/13/2018,1.162761
6/14/2018,1.152791
6/15/2018,1.147619
6/18/2018,1.14399
6/19/2018,1.150503
6/20/2018,1.16119
6/21/2018,1.161993
6/22/2018,1.165131
6/25/2018,1.165676
6/26/2018,1.169587
6/27/2018,1.177849
6/28/2018,1.184092
6/29/2018,1.185994
7/2/2018,1.189402
7/3/2018,1.191887
7/4/2018,1.191349
7/5/2018,1.197196
7/6/2018,1.200206
7/9/2018,1.21226
7/10/2018,1.222154
7/11/2018,1.222968
7/12/2018,1.225576
7/13/2018,1.225896
7/16/2018,1.230709
7/17/2018,1.234249
7/18/2018,1.238222
7/19/2018,1.243512
7/20/2018,1.235392
7/23/2018,1.23351
7/24/2018,1.229842
7/25/2018,1.226798
7/26/2018,1.223861
7/31/2018,1.221268
8/1/2018,1.21829
8/2/2018,1.218214
8/3/2018,1.211005
8/6/2018,1.207564
8/7/2018,1.204407
8/8/2018,1.205085
8/9/2018,1.203079
8/10/2018,1.199682
8/14/2018,1.19897
8/15/2018,1.198247
8/16/2018,1.196498
8/17/2018,1.197926
8/20/2018,1.198747
8/21/2018,1.197555
8/22/2018,1.194005
8/23/2018,1.199097
8/24/2018,1.200252
8/27/2018,1.195821
8/28/2018,1.196706
8/29/2018,1.197736
8/30/2018,1.197535
8/31/2018,1.196709
9/3/2018,1.193967
9/4/2018,1.193248
9/5/2018,1.187912
9/6/2018,1.184472
9/7/2018,1.174004
9/10/2018,1.178406
9/11/2018,1.180136
9/12/2018,1.180719
9/13/2018,1.18223
9/14/2018,1.179301
9/17/2018,1.177074
9/18/2018,1.178041
9/19/2018,1.184756
9/20/2018,1.189709
9/21/2018,1.189289
9/24/2018,1.190262
9/25/2018,1.192758
9/26/2018,1.192591
9/27/2018,1.190993
9/28/2018,1.190894
10/1/2018,1.191475
10/2/2018,1.194842
10/3/2018,1.196247
10/4/2018,1.201075
10/5/2018,1.200935
10/8/2018,1.20128
10/9/2018,1.210117
10/10/2018,1.21287
10/11/2018,1.214861
10/12/2018,1.218805
10/16/2018,1.227321
10/17/2018,1.228037
10/18/2018,1.232991
10/19/2018,1.23488
10/22/2018,1.243045
10/24/2018,1.248415
10/25/2018,1.253328
10/26/2018,1.274149
10/29/2018,1.285639
10/30/2018,1.296957
10/31/2018,1.298757
11/1/2018,1.296758
11/2/2018,1.293979
11/5/2018,1.296777
11/6/2018,1.294186
11/7/2018,1.290189
11/8/2018,1.287385
11/9/2018,1.284748
11/12/2018,1.28655
11/13/2018,1.288005
11/14/2018,1.293465
11/15/2018,1.294776
11/16/2018,1.295066
11/19/2018,1.293971
11/20/2018,1.293394
11/21/2018,1.292254
11/22/2018,1.293242
11/23/2018,1.290978
11/26/2018,1.292605
11/27/2018,1.293286
11/28/2018,1.293497
11/29/2018,1.289963
11/30/2018,1.292579
12/3/2018,1.29454
12/4/2018,1.289111
12/6/2018,1.284381
12/7/2018,1.284715
12/11/2018,1.286157
12/12/2018,1.284603
12/13/2018,1.279543
12/14/2018,1.274851
12/17/2018,1.278297
12/18/2018,1.383319
12/19/2018,1.43915
12/20/2018,1.469523
12/21/2018,1.47889
12/24/2018,1.485686
12/25/2018,1.493705
12/26/2018,1.498876
12/27/2018,1.500763
12/28/2018,1.49931
1/2/2019,1.493395
1/3/2019,1.49254
1/4/2019,1.485624
1/7/2019,1.479861
1/8/2019,1.476054
1/9/2019,1.473907
1/10/2019,1.46769
1/11/2019,1.462093
1/14/2019,1.457594
1/15/2019,1.465694
1/16/2019,1.474527
1/17/2019,1.484506
1/18/2019,1.506483
1/21/2019,1.507239
1/22/2019,1.520426
1/23/2019,1.536417
1/24/2019,1.53081
1/25/2019,1.542723
1/28/2019,1.556192
1/29/2019,1.568798
1/30/2019,1.580516
1/31/2019,1.585293
2/1/2019,1.590471
2/4/2019,1.599368
2/5/2019,1.600248
2/6/2019,1.599433
2/7/2019,1.600994
2/8/2019,1.595623
2/11/2019,1.588746
2/12/2019,1.587407
2/13/2019,1.585771
2/14/2019,1.585706
2/15/2019,1.587145
2/18/2019,1.585664
2/20/2019,1.584972
2/21/2019,1.581478
2/22/2019,1.573682
2/25/2019,1.569804
2/26/2019,1.575377
2/27/2019,1.570009
2/28/2019,1.572821
3/1/2019,1.573157
3/4/2019,1.593393
3/5/2019,1.606221
3/6/2019,1.614715
3/7/2019,1.619344
3/8/2019,1.622999
3/11/2019,1.623449
3/12/2019,1.623099
3/13/2019,1.619256
3/14/2019,1.624093
3/15/2019,1.620778
3/18/2019,1.6174
3/19/2019,1.615532
3/20/2019,1.612554
3/21/2019,1.610706
3/22/2019,1.609379
3/25/2019,1.611705
3/26/2019,1.614851
3/27/2019,1.615013
3/28/2019,1.617938
3/29/2019,1.61999
4/1/2019,1.622275
4/2/2019,1.629039
4/3/2019,1.629381
4/4/2019,1.624028
4/5/2019,1.626174
4/9/2019,1.622775
4/10/2019,1.623664
4/11/2019,1.620041
4/12/2019,1.617301
4/17/2019,1.617151
4/18/2019,1.614654
4/19/2019,1.613292
4/22/2019,1.61468
4/23/2019,1.617421
4/24/2019,1.61792
4/25/2019,1.617344
4/26/2019,1.619566
4/29/2019,1.628436
4/30/2019,1.635155
5/2/2019,1.636196
5/3/2019,1.636903
5/7/2019,1.635644
5/8/2019,1.635833
5/9/2019,1.633721
5/10/2019,1.634782
5/13/2019,1.635347
5/14/2019,1.637883
5/15/2019,1.639201
5/16/2019,1.641789
5/17/2019,1.646109
5/21/2019,1.656504
5/22/2019,1.659283
5/23/2019,1.661112
5/24/2019,1.66527
5/27/2019,1.667666
5/28/2019,1.66838
5/29/2019,1.671294
5/30/2019,1.6791
5/31/2019,1.682981
6/4/2019,1.685866
6/5/2019,1.684515
6/6/2019,1.681899
6/7/2019,1.687714
6/10/2019,1.686354
6/11/2019,1.686481
6/12/2019,1.685676
6/13/2019,1.68217
6/14/2019,1.682167
6/17/2019,1.682829
6/18/2019,1.683553
6/19/2019,1.683905
6/20/2019,1.681384
6/21/2019,1.682263
6/24/2019,1.682498
6/25/2019,1.682615
6/26/2019,1.680756
6/27/2019,1.683443
6/28/2019,1.682048
7/1/2019,1.677742
7/2/2019,1.675135
7/3/2019,1.673173
7/4/2019,1.677711
7/5/2019,1.680167
7/8/2019,1.681524
7/9/2019,1.685174
7/10/2019,1.68765
7/11/2019,1.68681
7/12/2019,1.69125
7/15/2019,1.691084
7/17/2019,1.689869
7/18/2019,1.68885
7/19/2019,1.687506
7/22/2019,1.695749
7/23/2019,1.696474
7/24/2019,1.694278
7/25/2019,1.692947
7/26/2019,1.692394
7/30/2019,1.697629
7/31/2019,1.705318
8/1/2019,1.702248
8/2/2019,1.698845
8/5/2019,1.689229
8/6/2019,1.677352
8/7/2019,1.531724
8/8/2019,1.478894
8/9/2019,1.47468
8/13/2019,1.474367
8/14/2019,1.484269
8/15/2019,1.483339
8/16/2019,1.489931
8/19/2019,1.493481
8/20/2019,1.501576
8/21/2019,1.502736
8/22/2019,1.503006
8/23/2019,1.50304
8/26/2019,1.501472
8/27/2019,1.499808
8/28/2019,1.470643
8/29/2019,1.463424
8/30/2019,1.462297
9/2/2019,1.461474
9/3/2019,1.459628
9/4/2019,1.456041
9/5/2019,1.457422
9/6/2019,1.451432
9/9/2019,1.449929
9/10/2019,1.448232
9/11/2019,1.439701
9/12/2019,1.439407
9/13/2019,1.427665
9/16/2019,1.418953
9/17/2019,1.41515
9/18/2019,1.410103
9/19/2019,1.408162
9/20/2019,1.400002
9/23/2019,1.394156
9/24/2019,1.388687
9/25/2019,1.389019
9/26/2019,1.388391
9/27/2019,1.387838
9/30/2019,1.38599
10/1/2019,1.390895
10/2/2019,1.393965
10/3/2019,1.393701
10/4/2019,1.392081
10/7/2019,1.390121
10/8/2019,1.390949
10/9/2019,1.391418
10/10/2019,1.390946
10/11/2019,1.391175
10/15/2019,1.390046
10/16/2019,1.390115
10/17/2019,1.394324
10/18/2019,1.402693
10/21/2019,1.409826
10/22/2019,1.413042
10/24/2019,1.410921
10/25/2019,1.410717
10/28/2019,1.412881
10/29/2019,1.41619
10/30/2019,1.416798
10/31/2019,1.415745
11/1/2019,1.414608
11/4/2019,1.41314
11/5/2019,1.41817
11/6/2019,1.332386
11/7/2019,1.313374
11/8/2019,1.310256
11/11/2019,1.308087
11/12/2019,1.296532
11/13/2019,1.295313
11/14/2019,1.2929
11/15/2019,1.289994
11/18/2019,1.289083
11/19/2019,1.287448
11/20/2019,1.284361
11/21/2019,1.283674
11/22/2019,1.284706
11/25/2019,1.282379
11/26/2019,1.281521
11/27/2019,1.279708
11/28/2019,1.277066
11/29/2019,1.267568
12/2/2019,1.266989
12/3/2019,1.25608
12/4/2019,1.244195
12/6/2019,1.241241
12/9/2019,1.229393
12/11/2019,1.222742
12/12/2019,1.215783
12/13/2019,1.213815
12/16/2019,1.211139
12/17/2019,1.206756
12/18/2019,1.195515
12/19/2019,1.189016
12/20/2019,1.180185
12/23/2019,1.163341
12/24/2019,1.156951
12/25/2019,1.154676
12/26/2019,1.153542
12/27/2019,1.15523
12/30/2019,1.154525
1/2/2020,1.145222
1/3/2020,1.130596
1/6/2020,1.120753
1/7/2020,1.104362
1/8/2020,1.102618
1/9/2020,1.105919
1/10/2020,1.106621
1/13/2020,1.10646
1/14/2020,1.106399
1/15/2020,1.103956
1/16/2020,1.103683
1/17/2020,1.103916
1/20/2020,1.102799
1/21/2020,1.098399
1/22/2020,1.097277
1/23/2020,1.096908
1/24/2020,1.092475
1/27/2020,1.089164
1/28/2020,1.088291
1/29/2020,1.088253
1/30/2020,1.085811
1/31/2020,1.083217
2/3/2020,1.08155
2/4/2020,1.076716
2/5/2020,1.036495
2/6/2020,1.005885
2/7/2020,0.995947
2/11/2020,0.997416
2/12/2020,0.998981
2/13/2020,0.993144
2/14/2020,0.990845
2/17/2020,0.984129
2/18/2020,0.983606
2/19/2020,0.985912
2/20/2020,0.984028
2/21/2020,0.983595
2/24/2020,0.982431
2/25/2020,0.982629
2/26/2020,0.981024
2/27/2020,0.980746
2/28/2020,0.985514
3/2/2020,0.98334
3/3/2020,0.982292
3/4/2020,0.959971
3/5/2020,0.960394
3/6/2020,0.958439
3/9/2020,0.938547
3/10/2020,0.921089
3/11/2020,0.911565
3/12/2020,0.923419
3/13/2020,0.956132
3/16/2020,0.965099
3/17/2020,0.981604
3/18/2020,0.993278
3/19/2020,1.002119
3/20/2020,1.002119
3/23/2020,0.839796
3/24/2020,0.799483
3/25/2020,0.774169
3/26/2020,0.760657
3/27/2020,0.756816
3/30/2020,0.757476
3/31/2020,0.756668
4/1/2020,0.756816
4/2/2020,0.744683
4/3/2020,0.721935
4/7/2020,0.702396
4/8/2020,0.702287
4/9/2020,0.694522
4/10/2020,0.683248
4/13/2020,0.663263
4/14/2020,0.608952
4/15/2020,0.581598
4/16/2020,0.570813
4/17/2020,0.556787
4/20/2020,0.541734
4/21/2020,0.533243
4/22/2020,0.528293
4/23/2020,0.532562
4/24/2020,0.528155
4/27/2020,0.523067
4/28/2020,0.505894
4/29/2020,0.49732
4/30/2020,0.48092
5/5/2020,0.464029
5/7/2020,0.458593
5/8/2020,0.445851
5/11/2020,0.441119
5/12/2020,0.438753
5/13/2020,0.433381
5/14/2020,0.431029
5/15/2020,0.431433
5/18/2020,0.431739
5/19/2020,0.436948
5/20/2020,0.424107
5/21/2020,0.423808
5/22/2020,0.417946
5/25/2020,0.424991
5/26/2020,0.429255
5/27/2020,0.430526
5/28/2020,0.435967
5/29/2020,0.440299
6/1/2020,0.442736
6/2/2020,0.448531
6/4/2020,0.451038
6/5/2020,0.449593
6/8/2020,0.450043
6/9/2020,0.441614
6/10/2020,0.440582
6/11/2020,0.440112
6/12/2020,0.43487
6/15/2020,0.431497
6/16/2020,0.429513
6/17/2020,0.42781
6/18/2020,0.424228
6/19/2020,0.422922
6/22/2020,0.42217
6/23/2020,0.431712
6/24/2020,0.43494
6/25/2020,0.434382
6/26/2020,0.426828
6/29/2020,0.424156
6/30/2020,0.426408
7/1/2020,0.425384
7/2/2020,0.427725
7/3/2020,0.43099
7/7/2020,0.431683
7/8/2020,0.431489
7/9/2020,0.430295
7/10/2020,0.428476
7/13/2020,0.429132
7/14/2020,0.431516
7/15/2020,0.434039
7/16/2020,0.434279
7/17/2020,0.437948
7/20/2020,0.441192
7/21/2020,0.441592
7/22/2020,0.440908
7/23/2020,0.44089
7/24/2020,0.444887
7/29/2020,0.44577
7/30/2020,0.447128
7/31/2020,0.44678
8/3/2020,0.445512
8/4/2020,0.445517
8/5/2020,0.447204
8/6/2020,0.450285
8/7/2020,0.451526
8/10/2020,0.456754
8/11/2020,0.460465
8/13/2020,0.461635
8/14/2020,0.461882
8/17/2020,0.461208
8/18/2020,0.462804
8/19/2020,0.463034
8/20/2020,0.464502
8/21/2020,0.463325
8/24/2020,0.464145
8/25/2020,0.463168
8/26/2020,0.467427
8/27/2020,0.466675
8/28/2020,0.469601
8/31/2020,0.465863
9/1/2020,0.466715
9/2/2020,0.468369
9/3/2020,0.468899
9/8/2020,0.470945
9/9/2020,0.469408
9/10/2020,0.469724
9/11/2020,0.470274
9/14/2020,0.47194
9/15/2020,0.471827
9/16/2020,0.472207
9/17/2020,0.47311
9/18/2020,0.472093
9/21/2020,0.47184
9/22/2020,0.474072
9/23/2020,0.474586
9/24/2020,0.474711
9/25/2020,0.474268
9/28/2020,0.474219
9/29/2020,0.474236
9/30/2020,0.473998
10/1/2020,0.474645
10/2/2020,0.47391
10/5/2020,0.473621
10/6/2020,0.476177
10/7/2020,0.476918
10/8/2020,0.477419
10/9/2020,0.478735
10/12/2020,0.47924
10/14/2020,0.481351
10/15/2020,0.480236
10/16/2020,0.479406
10/19/2020,0.478647
10/20/2020,0.478844
10/21/2020,0.478547
10/22/2020,0.478176
10/26/2020,0.478851
10/27/2020,0.478863
10/28/2020,0.479
10/29/2020,0.481881
10/30/2020,0.484236
11/2/2020,0.484418
11/3/2020,0.485195
11/4/2020,0.484646
11/5/2020,0.484285
11/6/2020,0.482066
11/9/2020,0.480116
11/10/2020,0.47822
11/11/2020,0.476518
11/12/2020,0.474749
11/13/2020,0.472812
11/16/2020,0.470492
11/17/2020,0.465618
11/18/2020,0.459747
11/19/2020,0.456954
11/20/2020,0.454441
11/23/2020,0.452864
11/24/2020,0.451285
11/25/2020,0.448777
11/26/2020,0.444969
11/27/2020,0.444783
11/30/2020,0.443513
12/1/2020,0.436343
12/2/2020,0.433893
12/3/2020,0.421074
12/4/2020,0.41338
12/8/2020,0.399652
12/9/2020,0.393219
12/14/2020,0.384583
12/15/2020,0.362657
12/16/2020,0.357423
12/17/2020,0.348681
12/18/2020,0.335849
12/21/2020,0.318249
12/22/2020,0.311442
12/23/2020,0.30231
12/24/2020,0.302692
12/25/2020,0.301127
12/28/2020,0.292618
12/29/2020,0.279719
12/30/2020,0.274767
1/4/2021,0.269472
1/5/2021,0.265463
1/6/2021,0.280201
1/7/2021,0.281322
1/8/2021,0.283743
1/11/2021,0.284517
1/12/2021,0.287485
1/13/2021,0.286836
1/14/2021,0.290585
1/15/2021,0.291336
1/18/2021,0.289795
1/19/2021,0.296204
1/20/2021,0.299183
1/21/2021,0.302192
1/22/2021,0.301723
1/25/2021,0.300615
1/26/2021,0.299454
1/27/2021,0.30055
1/28/2021,0.300866
1/29/2021,0.301098
2/1/2021,0.302605
2/2/2021,0.303465
2/3/2021,0.303973
2/4/2021,0.305195
2/5/2021,0.305904
2/8/2021,0.313591
2/9/2021,0.313743
2/10/2021,0.317348
2/11/2021,0.317832
2/15/2021,0.336257
2/16/2021,0.346033
2/17/2021,0.358152
2/18/2021,0.361172
2/19/2021,0.374196
2/22/2021,0.3996
2/23/2021,0.419712
2/24/2021,0.427134
2/25/2021,0.448556
3/1/2021,0.460303
3/2/2021,0.462434
3/3/2021,0.462399
3/4/2021,0.460021
3/5/2021,0.460401
3/8/2021,0.464896
3/9/2021,0.460274
3/10/2021,0.460126
3/11/2021,0.452893
3/12/2021,0.453152
3/15/2021,0.449402
3/16/2021,0.430429
3/17/2021,0.422546
3/18/2021,0.409083
3/19/2021,0.39649
3/22/2021,0.381048
3/23/2021,0.341116
3/24/2021,0.330619
3/25/2021,0.325634
3/26/2021,0.321375
3/29/2021,0.314756
3/30/2021,0.312049
3/31/2021,0.308424
4/1/2021,0.30207
4/2/2021,0.301148
4/5/2021,0.299296
4/7/2021,0.297755
4/8/2021,0.297472
4/9/2021,0.299902
4/12/2021,0.300158
4/16/2021,0.300187
4/19/2021,0.300191
4/20/2021,0.300191
4/21/2021,0.300191
4/22/2021,0.300191
4/23/2021,0.301226
4/26/2021,0.300302
4/27/2021,0.300203
4/28/2021,0.302047
4/29/2021,0.302844
4/30/2021,0.300485
5/5/2021,0.300223
5/6/2021,0.300191
5/7/2021,0.300652
5/10/2021,0.300556
5/11/2021,0.304478
5/12/2021,0.304215
5/13/2021,0.307208
5/14/2021,0.30775
5/17/2021,0.306371
5/18/2021,0.309578
5/19/2021,0.313053
5/20/2021,0.316502
5/21/2021,0.313796
5/24/2021,0.314901
5/25/2021,0.315249
5/27/2021,0.319247
5/28/2021,0.321443
5/31/2021,0.323505
6/1/2021,0.326116
6/2/2021,0.326843
6/4/2021,0.326832
6/7/2021,0.327503
6/8/2021,0.328329
6/9/2021,0.328719
6/10/2021,0.33093
6/11/2021,0.32974
6/14/2021,0.331777
6/15/2021,0.333395
6/16/2021,0.332215
6/17/2021,0.33577
6/18/2021,0.338144
6/21/2021,0.34005
6/22/2021,0.342996
6/23/2021,0.347463
6/24/2021,0.349916
6/25/2021,0.350556
6/28/2021,0.350874
6/29/2021,0.352064
6/30/2021,0.354564
7/1/2021,0.35265
7/2/2021,0.359233
7/5/2021,0.358402
7/6/2021,0.360566
7/7/2021,0.35733
7/8/2021,0.354356
7/9/2021,0.354404
7/12/2021,0.355118
7/13/2021,0.353874
7/14/2021,0.353077
7/15/2021,0.352848
7/16/2021,0.355175
7/19/2021,0.358133
7/20/2021,0.359856
7/21/2021,0.360885
7/22/2021,0.363505
7/23/2021,0.364394
7/27/2021,0.366575
7/29/2021,0.370545
7/30/2021,0.368121
8/2/2021,0.3655
8/3/2021,0.367834
8/4/2021,0.365977
8/5/2021,0.361466
8/6/2021,0.363402
8/9/2021,0.36276
8/10/2021,0.358547
8/11/2021,0.360832
8/13/2021,0.362383
8/16/2021,0.362348
8/17/2021,0.361391
8/18/2021,0.361824
8/19/2021,0.361763
8/20/2021,0.364338
8/23/2021,0.366476
8/24/2021,0.370917
8/25/2021,0.374527
8/26/2021,0.373601
8/27/2021,0.378782
8/30/2021,0.379473
8/31/2021,0.379249
9/1/2021,0.382303
9/2/2021,0.385609
9/3/2021,0.388129
9/6/2021,0.390969
9/7/2021,0.39607
9/8/2021,0.398306
9/9/2021,0.398084
9/10/2021,0.398753
9/13/2021,0.39994
9/14/2021,0.399317
9/15/2021,0.400199
9/16/2021,0.404095
9/17/2021,0.41358
9/20/2021,0.417683
9/21/2021,0.420408
9/22/2021,0.423482
9/23/2021,0.426147
9/27/2021,0.435384
9/28/2021,0.445518
9/29/2021,0.446338
9/30/2021,0.456208
10/1/2021,0.456769
10/4/2021,0.461204
10/5/2021,0.464114
10/6/2021,0.467081
10/7/2021,0.46705
10/8/2021,0.471981
10/11/2021,0.471563
10/12/2021,0.475154
10/14/2021,0.473772
10/15/2021,0.474618
10/18/2021,0.475828
10/19/2021,0.475223
10/20/2021,0.477676
10/21/2021,0.476065
10/25/2021,0.474541
10/26/2021,0.474149
10/27/2021,0.474105
10/28/2021,0.477441
10/29/2021,0.478145
11/1/2021,0.477073
11/2/2021,0.47508
11/3/2021,0.474327
11/4/2021,0.477502
11/5/2021,0.474812
11/8/2021,0.474736
11/9/2021,0.474727
11/10/2021,0.474726
11/11/2021,0.476341
11/12/2021,0.475178
11/15/2021,0.473774
11/16/2021,0.476736
11/17/2021,0.474103
11/18/2021,0.475355
11/19/2021,0.473174
11/22/2021,0.473119
11/23/2021,0.472597
11/24/2021,0.473154
11/25/2021,0.473308
11/26/2021,0.472114
11/29/2021,0.4731
11/30/2021,0.468668
12/1/2021,0.471158
12/2/2021,0.471417
12/3/2021,0.47098
12/7/2021,0.471769
12/8/2021,0.470656
12/9/2021,0.4695
12/13/2021,0.470433
12/14/2021,0.463663
12/15/2021,0.465312
12/16/2021,0.463415
12/17/2021,0.461972
12/20/2021,0.46084
12/21/2021,0.461605
12/22/2021,0.461801
12/23/2021,0.462144
12/24/2021,0.462068
12/27/2021,0.46206
12/28/2021,0.460295
12/29/2021,0.458559
12/30/2021,0.461486
1/4/2022,0.460675
1/5/2022,0.452548
1/6/2022,0.454431
1/7/2022,0.452954
1/10/2022,0.453906
1/11/2022,0.451922
1/12/2022,0.449645
1/13/2022,0.448934
1/14/2022,0.447219
1/17/2022,0.448625
1/18/2022,0.447779
1/19/2022,0.447574
1/20/2022,0.448664
1/21/2022,0.445557
1/24/2022,0.444878
1/25/2022,0.447279
1/26/2022,0.446814
1/27/2022,0.449582
1/28/2022,0.449519
1/31/2022,0.448435
2/1/2022,0.446901
2/2/2022,0.44739
2/3/2022,0.44703
2/4/2022,0.448604
2/7/2022,0.44889
2/8/2022,0.448922
2/9/2022,0.446699
2/10/2022,0.447343
2/11/2022,0.447526
2/14/2022,0.445824
2/15/2022,0.446021
2/17/2022,0.445431
2/18/2022,0.444864
2/21/2022,0.445551
2/22/2022,0.445991
2/23/2022,0.446151
2/24/2022,0.445636
2/25/2022,0.446
2/28/2022,0.44582
3/1/2022,0.443794
3/2/2022,0.443583
3/3/2022,0.445249
3/4/2022,0.44583
3/7/2022,0.446022
3/8/2022,0.446872
3/9/2022,0.445627
3/10/2022,0.445999
3/11/2022,0.446869
3/14/2022,0.448475
3/15/2022,0.448876
3/16/2022,0.451147
3/17/2022,0.448139
3/18/2022,0.450625
3/21/2022,0.451307
3/22/2022,0.455091
3/23/2022,0.459296
3/24/2022,0.461163
3/25/2022,0.467319
3/28/2022,0.476464
3/29/2022,0.476255
3/30/2022,0.4757
3/31/2022,0.475506
4/1/2022,0.477711
4/4/2022,0.480959
4/5/2022,0.480562
4/7/2022,0.483836
4/8/2022,0.48435
4/11/2022,0.485816
4/12/2022,0.487204
4/18/2022,0.488694
4/19/2022,0.488971
4/20/2022,0.491228
4/21/2022,0.488473
4/22/2022,0.487833
4/25/2022,0.488764
4/26/2022,0.487769
4/27/2022,0.487643
4/28/2022,0.486516
4/29/2022,0.486279
5/3/2022,0.486253
5/5/2022,0.486465
5/6/2022,0.4885
5/9/2022,0.490063
5/10/2022,0.489345
5/11/2022,0.486928
5/12/2022,0.487783
5/13/2022,0.488758
5/17/2022,0.487864
5/18/2022,0.483757
5/19/2022,0.479515
5/20/2022,0.475815
5/23/2022,0.469392
5/24/2022,0.462444
5/25/2022,0.457553
5/26/2022,0.452204
5/27/2022,0.450654
5/30/2022,0.446743
5/31/2022,0.44953
6/1/2022,0.442263
6/2/2022,0.440839
6/6/2022,0.439825
6/7/2022,0.436894
6/8/2022,0.430412
6/9/2022,0.43526
6/10/2022,0.439553
6/13/2022,0.459335
6/14/2022,0.481243
6/15/2022,0.48959
6/16/2022,0.492882
6/17/2022,0.496562
6/20/2022,0.497416
6/21/2022,0.498736
6/22/2022,0.500107
6/23/2022,0.498515
6/24/2022,0.499826
6/27/2022,0.50034
6/28/2022,0.498281
6/29/2022,0.499162
6/30/2022,0.498039
7/1/2022,0.497803
7/4/2022,0.497755
7/5/2022,0.499887
7/6/2022,0.499071
7/7/2022,0.499398
7/8/2022,0.499179
7/11/2022,0.49882
7/12/2022,0.497236
7/14/2022,0.498716
7/15/2022,0.498203
7/18/2022,0.498935
7/19/2022,0.500279
7/20/2022,0.500502
7/21/2022,0.499413
7/22/2022,0.50017
7/25/2022,0.500489
7/26/2022,0.500525
7/27/2022,0.500529
8/1/2022,0.500529
8/2/2022,0.506097
8/3/2022,0.510801
8/4/2022,0.508352
8/5/2022,0.507857
8/8/2022,0.513258
8/9/2022,0.510072
8/10/2022,0.510498
8/11/2022,0.510545
8/15/2022,0.516118
8/16/2022,0.520746
8/17/2022,0.523818
8/18/2022,0.527949
8/19/2022,0.53108
8/22/2022,0.531762
8/23/2022,0.531275
8/24/2022,0.526872
8/25/2022,0.528518
8/26/2022,0.526991
8/29/2022,0.535317
8/30/2022,0.531676
8/31/2022,0.534614
9/1/2022,0.539282
9/2/2022,0.540358
9/5/2022,0.536755
9/6/2022,0.538629
9/7/2022,0.53906
9/8/2022,0.538316
9/9/2022,0.538667
9/12/2022,0.542674
9/13/2022,0.546959
9/14/2022,0.552787
9/15/2022,0.547761
9/16/2022,0.554441
9/19/2022,0.552828
9/20/2022,0.560012
9/21/2022,0.554468
9/22/2022,0.563762
9/23/2022,0.574708
9/26/2022,0.592743
9/27/2022,0.621452
9/28/2022,0.683275
9/29/2022,0.717118
9/30/2022,0.731885
10/3/2022,0.743585
10/4/2022,0.753913
10/5/2022,0.765662
10/6/2022,0.770907
10/7/2022,0.772603
10/10/2022,0.779501
10/11/2022,0.79536
10/12/2022,0.791961
10/17/2022,0.803093
10/18/2022,0.802894
10/19/2022,0.805212
10/20/2022,0.806744
10/21/2022,0.805209
10/25/2022,0.80223
10/26/2022,0.807139
10/27/2022,0.804079
10/28/2022,0.801993
10/31/2022,0.806563
11/1/2022,0.814756
11/2/2022,0.816558
11/3/2022,0.826599
11/4/2022,0.828652
11/7/2022,0.816934
11/8/2022,0.824742
11/9/2022,0.823243
11/10/2022,0.822964
11/11/2022,0.817359
11/14/2022,0.808399
11/15/2022,0.794
11/16/2022,0.803321
11/17/2022,0.814151
11/18/2022,0.820181
11/21/2022,0.829089
11/22/2022,0.83771
11/23/2022,0.840622
11/24/2022,0.837941
11/25/2022,0.837309
11/28/2022,0.840676
11/29/2022,0.865686
11/30/2022,0.91678
12/1/2022,0.931245
12/2/2022,0.933887
12/6/2022,0.943876
12/7/2022,0.945636
12/8/2022,0.944828
12/9/2022,0.942299
12/13/2022,0.940804
12/14/2022,0.928256
12/15/2022,0.925411
12/16/2022,0.93045
12/19/2022,0.931567
12/20/2022,0.920648
12/21/2022,0.917093
12/22/2022,0.912433
12/23/2022,0.911941
12/26/2022,0.901494
12/27/2022,0.888601
12/28/2022,0.891002
12/29/2022,0.876612
12/30/2022,0.871884
1/3/2023,0.842895
1/4/2023,0.820832
1/5/2023,0.8148
1/6/2023,0.800552
1/9/2023,0.783722
1/10/2023,0.760602
1/11/2023,0.747095
1/12/2023,0.739144
1/13/2023,0.737856
1/16/2023,0.748533
1/17/2023,0.7613
1/18/2023,0.779479
1/19/2023,0.784233
1/20/2023,0.810242
1/23/2023,0.831289
1/24/2023,0.867685
1/25/2023,1.009129
1/26/2023,1.092826
1/27/2023,1.139832
1/30/2023,1.188509
1/31/2023,1.240393
2/1/2023,1.261594
2/2/2023,1.271888
2/3/2023,1.2763
2/6/2023,1.29942
2/7/2023,1.306459
2/8/2023,1.317644
2/9/2023,1.325591
2/10/2023,1.331694
2/13/2023,1.340581
2/14/2023,1.344099
2/15/2023,1.357248
2/16/2023,1.35545
2/17/2023,1.357616
2/20/2023,1.355845
2/21/2023,1.356672
2/22/2023,1.357863
2/23/2023,1.36146
2/24/2023,1.359094
2/27/2023,1.365061
2/28/2023,1.364037
3/1/2023,1.36503
3/2/2023,1.364428
3/3/2023,1.359619
3/7/2023,1.352328
3/8/2023,1.353366
3/9/2023,1.351573
3/10/2023,1.353385
3/13/2023,1.35381
3/14/2023,1.354814
3/15/2023,1.354621
3/16/2023,1.355177
3/17/2023,1.355238
3/20/2023,1.35301
3/21/2023,1.350339
3/22/2023,1.349312
3/23/2023,1.344574
3/24/2023,1.346778
3/27/2023,1.340833
3/28/2023,1.343928
3/29/2023,1.384244
3/30/2023,1.404667
3/31/2023,1.415542
4/3/2023,1.41837
4/4/2023,1.426131
4/5/2023,1.425115
4/7/2023,1.427067
4/10/2023,1.430889
4/11/2023,1.432027
4/12/2023,1.430352
4/17/2023,1.43184
4/18/2023,1.43662
4/19/2023,1.439321
4/20/2023,1.439024
4/21/2023,1.435709
4/24/2023,1.437749
4/25/2023,1.451742
4/26/2023,1.478416
4/27/2023,1.493635
4/28/2023,1.498397
5/2/2023,1.515718
5/3/2023,1.518963
5/8/2023,1.52676
5/9/2023,1.555938
5/10/2023,1.569229
5/11/2023,1.57513
5/12/2023,1.579306
5/15/2023,1.589645
5/16/2023,1.598282
5/17/2023,1.602883
5/18/2023,1.606443
5/19/2023,1.608251
5/22/2023,1.624443
5/23/2023,1.638736
5/24/2023,1.642556
5/25/2023,1.657508
5/26/2023,1.665141
5/29/2023,1.666772
5/30/2023,1.670731
5/31/2023,1.684801
6/1/2023,1.709242
6/2/2023,1.714135
6/6/2023,1.715969
6/7/2023,1.715714
6/8/2023,1.721264
6/9/2023,1.723931
6/12/2023,1.729088
6/13/2023,1.732116
6/14/2023,1.733197
6/15/2023,1.740674
6/16/2023,1.742883
6/19/2023,1.745715
6/20/2023,1.74709
6/21/2023,1.751084
6/22/2023,1.749071
6/23/2023,1.750431
6/26/2023,1.749553
6/27/2023,1.750199
6/28/2023,1.751748
6/29/2023,1.754589
6/30/2023,1.755692
7/3/2023,1.755083
7/4/2023,1.753879
7/5/2023,1.754749
7/6/2023,1.754765
7/7/2023,1.754959
7/10/2023,1.754981
7/11/2023,1.753864
7/12/2023,1.75327
7/13/2023,1.754681
7/14/2023,1.754438
7/17/2023,1.754923
7/18/2023,1.753857
7/19/2023,1.751951
7/20/2023,1.753191
7/21/2023,1.752434
7/24/2023,1.752238
7/25/2023,1.752216
7/26/2023,1.75185
7/27/2023,1.752019
7/31/2023,1.779048
8/2/2023,1.812948
8/3/2023,1.83549
8/4/2023,1.848427
8/7/2023,1.854167
8/8/2023,1.85943
8/9/2023,1.864726
8/10/2023,1.865497
8/11/2023,1.865905
8/15/2023,1.867078
8/16/2023,1.874028
8/17/2023,1.883424
8/18/2023,1.882348
8/21/2023,1.883313
8/22/2023,1.88755
8/23/2023,1.8942
8/24/2023,1.894751
8/25/2023,1.896272
8/28/2023,1.897023
8/29/2023,1.900707
8/30/2023,1.903861
8/31/2023,1.904547
9/1/2023,1.905855
9/4/2023,1.910889
9/5/2023,1.9229
9/6/2023,1.951682
9/7/2023,1.963693
9/8/2023,1.97953
9/11/2023,2.010027
9/12/2023,2.046249
9/13/2023,2.093031
9/14/2023,2.112475
9/15/2023,2.122524
9/18/2023,2.129142
9/19/2023,2.16732
9/20/2023,2.190582
9/21/2023,2.209825
9/22/2023,2.223193
9/25/2023,2.24077
9/26/2023,2.248234
9/27/2023,2.275133
9/28/2023,2.292855
9/29/2023,2.285201
10/2/2023,2.28814
10/3/2023,2.289919
10/4/2023,2.294162
10/5/2023,2.287506
10/6/2023,2.290928
10/9/2023,2.282045
10/10/2023,2.273835
10/11/2023,2.273349
10/12/2023,2.273031
10/16/2023,2.276759
10/17/2023,2.277003
10/18/2023,2.276091
10/19/2023,2.274623
10/20/2023,2.274052
10/24/2023,2.2641
10/25/2023,2.262574
10/26/2023,2.262292
10/27/2023,2.240225
10/30/2023,2.226078
10/31/2023,2.206434
11/1/2023,2.19818
11/2/2023,2.189378
11/3/2023,2.182918
11/6/2023,2.170802
11/7/2023,2.137171
11/8/2023,2.116522
11/9/2023,2.104062
11/10/2023,2.102602
11/13/2023,2.103001
11/14/2023,2.097243
11/15/2023,2.094476
11/16/2023,2.088621
11/17/2023,2.078284
11/20/2023,2.070922
11/21/2023,2.058049
11/22/2023,2.0521
11/23/2023,2.051324
11/24/2023,2.051571
11/27/2023,2.046107
11/28/2023,2.033765
11/29/2023,2.026711
11/30/2023,2.018521
12/1/2023,2.018803
12/4/2023,2.01233
12/6/2023,2.002883
12/7/2023,2.00607
12/8/2023,2.006705
12/12/2023,2.005822
12/13/2023,2.012818
12/14/2023,2.008294
12/15/2023,2.011343
12/18/2023,2.011963
12/19/2023,2.012571
12/20/2023,2.012314
12/21/2023,2.009359
12/22/2023,2.009694
12/25/2023,2.008732
12/26/2023,2.008513
12/27/2023,2.008488
12/28/2023,2.009482
1/2/2024,2.0195
1/3/2024,2.034637
1/4/2024,2.045219
1/5/2024,2.054312
1/8/2024,2.059056
1/9/2024,2.061173
1/10/2024,2.061632
1/11/2024,2.065017
1/12/2024,2.066906
1/15/2024,2.071326
1/16/2024,2.075231
1/17/2024,2.094222
1/18/2024,2.113742
1/19/2024,2.122105
1/22/2024,2.129863
1/23/2024,2.14122
1/24/2024,2.147459
1/25/2024,2.153566
1/26/2024,2.156199
1/29/2024,2.158308
1/30/2024,2.160842
1/31/2024,2.16504
2/1/2024,2.164571
2/2/2024,2.163996
2/5/2024,2.167401
2/6/2024,2.167078
2/7/2024,2.165384
2/8/2024,2.163342
2/9/2024,2.169264
2/12/2024,2.168846
2/13/2024,2.168639
2/14/2024,2.171887
2/15/2024,2.171134
2/16/2024,2.173707
2/19/2024,2.172202
2/20/2024,2.171416
2/21/2024,2.170783
2/22/2024,2.172232
2/23/2024,2.171502
2/27/2024,2.171028
2/28/2024,2.175293
2/29/2024,2.177372
3/1/2024,2.176809
3/4/2024,2.175541
3/5/2024,2.175471
3/6/2024,2.175619
3/7/2024,2.180393
3/8/2024,2.182012
3/11/2024,2.179319
3/12/2024,2.18219
3/13/2024,2.184378
3/14/2024,2.186568
3/15/2024,2.198588
3/18/2024,2.203088
3/19/2024,2.207603
3/20/2024,2.209184
3/21/2024,2.212362
3/22/2024,2.225913
3/25/2024,2.232262
3/26/2024,2.240103
3/27/2024,2.237559
3/28/2024,2.237499
3/29/2024,2.241251
4/1/2024,2.241488
4/2/2024,2.247104
4/3/2024,2.251059
4/4/2024,2.253153
4/5/2024,2.25371
4/9/2024,2.259176
4/10/2024,2.274029
4/11/2024,2.267042
4/17/2024,2.274455
4/18/2024,2.267202
4/19/2024,2.265498
4/22/2024,2.264075
4/23/2024,2.256387
4/24/2024,2.255323
4/25/2024,2.255092
4/26/2024,2.254955
4/29/2024,2.25203
4/30/2024,2.253653
5/2/2024,2.248272
5/3/2024,2.247248
5/7/2024,2.247926
5/8/2024,2.252089
5/9/2024,2.252077
5/10/2024,2.249644
5/13/2024,2.252965
5/14/2024,2.253068
5/15/2024,2.251591
5/16/2024,2.253509
5/17/2024,2.255966
5/20/2024,2.264651
5/21/2024,2.271832
5/23/2024,2.275658
5/24/2024,2.278025
5/27/2024,2.277024
5/28/2024,2.279166
5/29/2024,2.280215
5/30/2024,2.279618
5/31/2024,2.279107
6/4/2024,2.281551
6/5/2024,2.290695
6/6/2024,2.290584
6/7/2024,2.290797
6/10/2024,2.294342
6/11/2024,2.29522
6/12/2024,2.300681
6/13/2024,2.301621
6/14/2024,2.301253
6/17/2024,2.302325
6/18/2024,2.306062
6/19/2024,2.30533
6/20/2024,2.303352
6/21/2024,2.3016
6/24/2024,2.301181
6/25/2024,2.303202
6/26/2024,2.305808
6/27/2024,2.306446
6/28/2024,2.305658
7/1/2024,2.30616
7/2/2024,2.307373
7/3/2024,2.310687
7/4/2024,2.310627
7/5/2024,2.309454
7/8/2024,2.307444
7/9/2024,2.307255
7/10/2024,2.30843
7/11/2024,2.308908
7/12/2024,2.308344
7/15/2024,2.313436
7/16/2024,2.313414
7/17/2024,2.318473
7/18/2024,2.321407
7/19/2024,2.327174
7/23/2024,2.334648
7/24/2024,2.335814
7/25/2024,2.337516
7/26/2024,2.339558
7/30/2024,2.335963
7/31/2024,2.333831
8/1/2024,2.327426
8/2/2024,2.322028
8/5/2024,2.308908
8/6/2024,2.30064
8/7/2024,2.298741
8/8/2024,2.289114
8/9/2024,2.282517
8/13/2024,2.255897
8/14/2024,2.239084
8/15/2024,2.220966
8/16/2024,2.215542
8/19/2024,2.213227
8/20/2024,2.216489
8/21/2024,2.211499
8/22/2024,2.203551
8/23/2024,2.203121
8/26/2024,2.201962
8/27/2024,2.204554
8/28/2024,2.205597
8/29/2024,2.20568
8/30/2024,2.205834
9/2/2024,2.207085
9/3/2024,2.206215
9/4/2024,2.204397
9/5/2024,2.204913
9/6/2024,2.204393
9/9/2024,2.205579
9/10/2024,2.208066
9/11/2024,2.208018
9/12/2024,2.208674
9/13/2024,2.207625
9/16/2024,2.207396
9/17/2024,2.209614
9/18/2024,2.214348
9/19/2024,2.216706
9/20/2024,2.219568
9/23/2024,2.224052
9/24/2024,2.224313
9/25/2024,2.222955
9/26/2024,2.228114
9/27/2024,2.228896
9/30/2024,2.225825
10/1/2024,2.220409
10/2/2024,2.211324
10/3/2024,2.200406
10/4/2024,2.196033
10/7/2024,2.199267
10/8/2024,2.201295
10/9/2024,2.200592
10/10/2024,2.202939
10/11/2024,2.205601
10/15/2024,2.205826
10/16/2024,2.17767
10/17/2024,2.168096
10/18/2024,2.167232
10/21/2024,2.158567
10/22/2024,2.160679
10/24/2024,2.16338
10/25/2024,2.162896
10/28/2024,2.16273
10/29/2024,2.162711
10/30/2024,2.159003
10/31/2024,2.159606
11/1/2024,2.159785
11/4/2024,2.157461
11/5/2024,2.149859
11/6/2024,2.149732
11/7/2024,2.147591
11/8/2024,2.149123
11/11/2024,2.150231
11/12/2024,2.142078
11/13/2024,2.142365
11/14/2024,2.14193
11/15/2024,2.141994
11/18/2024,2.142618
11/19/2024,2.138977
11/20/2024,2.138751
11/21/2024,2.138908
11/22/2024,2.135425
11/25/2024,2.129036
11/26/2024,2.127153
11/27/2024,2.117228
11/28/2024,2.107689
11/29/2024,2.103642
12/2/2024,2.096909
12/3/2024,2.0846
12/4/2024,2.084954
12/6/2024,2.08007
12/9/2024,2.077076
12/11/2024,2.073108
12/12/2024,2.071379
12/13/2024,2.070715
12/16/2024,2.065832
12/17/2024,2.043176
12/18/2024,2.038705
12/19/2024,2.021928
12/20/2024,2.017704
12/23/2024,2.003031
12/24/2024,1.981036
12/25/2024,1.967197
12/26/2024,1.955461
12/27/2024,1.936654
12/30/2024,1.930352
1/2/2025,1.885441
1/3/2025,1.854342
1/6/2025,1.824126
1/7/2025,1.798125
1/8/2025,1.781382
1/9/2025,1.773473
1/10/2025,1.781916
1/13/2025,1.797941
1/14/2025,1.822656
1/15/2025,1.83306
1/16/2025,1.840329
1/17/2025,1.865461
1/20/2025,1.896313
1/21/2025,1.931467
1/22/2025,1.95954
1/23/2025,1.984136
1/24/2025,2.00526
1/27/2025,2.020379
1/28/2025,2.031862
1/29/2025,2.037335
1/30/2025,2.037155
1/31/2025,2.043335
2/3/2025,2.041456
2/4/2025,2.042669
2/5/2025,2.041654
2/6/2025,2.040395
2/7/2025,2.039863
2/10/2025,2.040993
2/11/2025,2.041054
2/13/2025,2.045947
2/14/2025,2.047362
2/17/2025,2.049503
2/18/2025,2.053675
2/19/2025,2.054253
2/20/2025,2.065282
2/21/2025,2.06825
2/24/2025,2.061432
2/25/2025,2.060257
2/26/2025,1.991982
2/27/2025,1.976847
2/28/2025,1.97541
3/3/2025,1.976629
3/4/2025,1.968644
3/5/2025,1.965978
3/6/2025,1.965443
3/7/2025,1.96079
3/10/2025,1.948402
3/11/2025,1.932135
3/12/2025,1.927201
3/13/2025,1.923591
3/14/2025,1.918035
3/17/2025,1.916337
3/18/2025,1.913354
3/19/2025,1.90269
3/20/2025,1.888203
3/21/2025,1.880272
3/24/2025,1.876334
3/25/2025,1.882476
3/26/2025,1.881191
3/27/2025,1.878713
3/31/2025,1.85096
4/1/2025,1.829963
4/2/2025,1.803643
4/3/2025,1.764642
4/4/2025,1.738807
4/8/2025,1.729009
4/9/2025,1.71796
4/10/2025,1.71662
4/11/2025,1.714994
4/16/2025,1.701406
4/17/2025,1.693423
4/18/2025,1.679811
4/21/2025,1.671866
4/22/2025,1.666065
4/23/2025,1.659925
4/24/2025,1.661158
4/25/2025,1.656663
4/28/2025,1.652765
4/29/2025,1.649509
4/30/2025,1.634667
5/2/2025,1.616396
5/6/2025,1.602867
5/7/2025,1.583337
5/8/2025,1.579258
5/9/2025,1.580596
5/13/2025,1.580856
5/14/2025,1.58659
5/15/2025,1.57984
5/16/2025,1.577682
5/19/2025,1.577707
5/20/2025,1.574607
5/21/2025,1.572809
5/22/2025,1.570965
5/23/2025,1.568086
5/26/2025,1.569126
5/27/2025,1.56245
5/28/2025,1.557351
5/29/2025,1.557483
5/30/2025,1.554108
6/4/2025,1.544807
6/5/2025,1.536057
6/6/2025,1.530539
6/9/2025,1.526789
6/10/2025,1.522318
6/11/2025,1.520518
6/12/2025,1.517044
6/13/2025,1.516543
6/16/2025,1.516366
6/17/2025,1.513889
6/18/2025,1.510465
6/19/2025,1.505153
6/20/2025,1.502232
6/23/2025,1.499129
6/24/2025,1.492639
6/25/2025,1.487717
6/26/2025,1.479076
6/27/2025,1.478171
6/30/2025,1.477137
7/1/2025,1.468899
7/2/2025,1.466571
7/3/2025,1.467207
7/4/2025,1.466271
7/7/2025,1.460142
7/8/2025,1.453185
7/9/2025,1.45199
7/11/2025,1.45396
7/14/2025,1.452166
7/15/2025,1.442336
7/16/2025,1.43744
7/17/2025,1.432769
7/18/2025,1.429301
7/21/2025,1.426813
7/22/2025,1.411479
7/23/2025,1.407538
7/24/2025,1.40458
7/25/2025,1.403037
7/29/2025,1.404478
7/30/2025,1.40475
7/31/2025,1.404156
8/1/2025,1.40551
8/4/2025,1.404417
8/5/2025,1.405711
8/6/2025,1.403434
8/7/2025,1.40061
8/8/2025,1.400511
8/13/2025,1.376176
8/14/2025,1.351494
8/15/2025,1.332343
8/18/2025,1.316511
8/19/2025,1.31094
8/20/2025,1.308792
8/21/2025,1.309189
8/22/2025,1.309064
8/25/2025,1.308587
8/26/2025,1.318429
8/27/2025,1.323429
8/28/2025,1.324787
8/29/2025,1.326955
9/1/2025,1.323274
9/2/2025,1.321412
9/3/2025,1.323869
9/4/2025,1.32528
9/5/2025,1.326249
9/8/2025,1.326915
9/9/2025,1.32966
9/10/2025,1.333049
9/11/2025,1.329168
9/12/2025,1.339386
9/15/2025,1.35069
9/16/2025,1.348146
9/17/2025,1.343618
9/18/2025,1.335031
9/19/2025,1.328213
9/22/2025,1.322857
9/23/2025,1.320773
9/24/2025,1.318281
9/25/2025,1.313595
9/26/2025,1.31475
9/29/2025,1.304686
9/30/2025,1.27293
10/1/2025,1.260712
10/2/2025,1.245567
10/3/2025,1.2369
10/6/2025,1.232408
10/7/2025,1.218487
10/8/2025,1.227662
10/9/2025,1.230803
10/10/2025,1.233954
10/14/2025,1.237462
10/15/2025,1.237477
10/16/2025,1.239712
10/17/2025,1.242418
10/20/2025,1.247522
10/21/2025,1.254232
10/22/2025,1.256877
10/24/2025,1.262494
10/27/2025,1.265381
10/28/2025,1.267567
10/29/2025,1.26424
10/30/2025,1.266113
10/31/2025,1.264086
11/3/2025,1.261323
11/4/2025,1.257329
11/5/2025,1.254205
11/6/2025,1.25464
11/7/2025,1.253571
11/10/2025,1.255575
11/11/2025,1.256021
11/12/2025,1.255065
11/13/2025,1.256701
11/14/2025,1.263274
11/17/2025,1.258887
11/18/2025,1.256019
11/19/2025,1.256182
11/20/2025,1.2562
11/21/2025,1.253968
11/24/2025,1.252379
11/25/2025,1.250632
11/26/2025,1.251562
11/27/2025,1.250397
11/28/2025,1.250419
12/1/2025,1.239252
12/2/2025,1.233659
12/3/2025,1.225449
12/4/2025,1.223984
12/8/2025,1.218786
12/9/2025,1.215521
12/11/2025,1.210992
12/12/2025,1.209415
12/15/2025,1.201068
12/16/2025,1.186316
12/17/2025,1.160833
12/18/2025,1.143423
12/19/2025,1.138474
12/22/2025,1.130668
12/23/2025,1.118783
12/24/2025,1.115181
12/25/2025,1.105969
12/26/2025,1.104311
12/29/2025,1.102437
12/30/2025,1.090217
