Date,Predicted_Regime,Conf_Sideways,Conf_Bull,Conf_Bear
2011-01-03,0,0.5416634193222536,0.31909196580425403,0.13924461077567302
2011-01-10,0,0.4350816098800118,0.4196679339416356,0.14525047219710094
2011-01-17,0,0.47906886663351955,0.31749517764918955,0.20343591995450416
2011-01-24,2,0.16626312059908116,0.23730638706966944,0.5964304920984187
2011-01-31,1,0.1571493246772147,0.606310243524514,0.23654041168170373
2011-02-07,2,0.19083044233542243,0.2619058556059087,0.547263702803727
2011-02-14,0,0.4010070088667887,0.2814246462327702,0.3175683359597444
2011-02-21,0,0.5075025965572616,0.3352131335091007,0.15728428008505385
2011-02-28,1,0.22673824187755862,0.5825163364290876,0.19074543063405033
2011-03-07,1,0.23719610684855413,0.6201079334270869,0.14269596344964924
2011-03-14,1,0.25422974236034745,0.6524514695351256,0.09331880240032867
2011-03-21,1,0.22420040554330983,0.6261058939945776,0.14969369822693848
2011-03-28,1,0.22791271899619012,0.6582895784667429,0.11379772158261378
2011-04-04,1,0.299813827734556,0.6149979443829043,0.08518823458806213
2011-04-11,1,0.23464233597277445,0.6417799090688504,0.12357776687930418
2011-04-18,1,0.40048832477401125,0.5052356755451878,0.0942759868285496
2011-04-25,0,0.5051016563358635,0.330945014977403,0.16395331602074664
2011-05-02,1,0.16395982040966875,0.42331062223449367,0.4127295454349085
2011-05-09,2,0.10558319147897574,0.23947260824497146,0.6549441916147527
2011-05-16,1,0.25423585242228686,0.5823616238028173,0.16340249844292176
2011-05-23,0,0.4581605928147058,0.3893837570043675,0.1524556494358688
2011-05-30,1,0.2244711291777494,0.6429710278089157,0.13255786913693324
2011-06-06,2,0.18026403473926017,0.25538297865163656,0.5643529659337421
2011-06-13,1,0.1417223015748337,0.57725531803494,0.2810223921379875
2011-06-20,0,0.520223228160307,0.3373752942774327,0.14240147495455718
2011-06-27,1,0.25109875677406146,0.6108945025396191,0.1380067250401005
2011-07-04,1,0.23317297155237293,0.6793457178405642,0.08748131741735932
2011-07-11,1,0.42831479791322014,0.44348022316763364,0.1282049699784496
2011-07-18,1,0.18885786297975124,0.7226057054149659,0.08853643086022485
2011-07-25,1,0.248899400093655,0.6652991207163005,0.08580147732739926
2011-08-01,0,0.4125361006121233,0.30156480314485645,0.28589908506714945
2011-08-08,2,0.10134696416631697,0.21317206079674164,0.685480973849505
2011-08-15,2,0.13654410623381236,0.26492621239504166,0.5985296603698218
2011-08-22,2,0.1993901383254244,0.24446814432472835,0.5561417131588957
2011-08-29,1,0.1481242732049142,0.5810178416101058,0.2708578639508251
2011-09-05,1,0.2196462081711897,0.5817917602799556,0.19856202242189347
2011-09-12,0,0.5131212872810708,0.3091948671022724,0.1776838642431084
2011-09-19,2,0.12346711354014676,0.22289329613032088,0.6536395633211777
2011-09-26,2,0.05458895695496424,0.11030149566981798,0.8351095396559207
2011-10-03,2,0.07583846145988563,0.16392178587812128,0.7602397237327856
2011-10-10,2,0.0823639131750699,0.11070859213502775,0.8069274791484569
2011-10-17,2,0.18223899624519324,0.3507246803810028,0.4670363174133395
2011-10-24,2,0.3213580448930068,0.173171656051887,0.5054702912319966
2011-10-31,0,0.5147665521698983,0.31584214925816856,0.16939131077225889
2011-11-07,1,0.1995708823605981,0.6667622656126962,0.1336668763691496
2011-11-14,0,0.4491557756674143,0.38969720386671003,0.16114698619320497
2011-11-21,1,0.2087943796878593,0.6089219670248085,0.18228364676807435
2011-11-28,0,0.5816117932702723,0.31391873240022383,0.10446946222231039
2011-12-05,0,0.4789089950506952,0.38423004744007194,0.13686097315545195
2011-12-12,1,0.24541164930384324,0.6138869157618309,0.14070142748374542
2011-12-19,0,0.457488306244365,0.34805835281904784,0.19445334577946446
2011-12-26,0,0.5282047416075091,0.30104255882486713,0.17075269886913197
2012-01-02,0,0.49029398472065433,0.30865798790357846,0.20104801210207715
2012-01-09,1,0.25217154702320743,0.5928787798245382,0.1549496556433899
2012-01-16,1,0.19672186780201784,0.665738760391861,0.13753936640445022
2012-01-23,1,0.22527782789968,0.6844954524594771,0.09022671335441555
2012-01-30,1,0.2677221890064948,0.6252029465196619,0.10707483131875964
2012-02-06,1,0.23886674033242822,0.66928679701879,0.09184646395554383
2012-02-13,1,0.2376105242041739,0.6741420565454355,0.08824741850533271
2012-02-20,0,0.4942280506983739,0.40175456578852564,0.104017378297694
2012-02-27,1,0.21223959294018302,0.6920031699610592,0.09575720338488077
2012-03-05,1,0.2052154993073632,0.7199419674864151,0.07484253917832775
2012-03-12,1,0.2234931730741681,0.7024711954207267,0.07403561635001314
2012-03-19,1,0.23340956028966967,0.6761336822905386,0.09045675247796123
2012-03-26,0,0.5818911438242236,0.3407023382176996,0.07740652522239298
2012-04-02,1,0.23380985711261268,0.5985891383475609,0.16760101259576674
2012-04-09,1,0.16766827883874844,0.5820881495280691,0.25024354667373744
2012-04-16,1,0.23493479159482383,0.6081049392372531,0.15696026809690206
2012-04-23,1,0.1819850753041808,0.641370049087796,0.1766449080180488
2012-04-30,1,0.2618322917414492,0.6472928198408001,0.09087489009413152
2012-05-07,2,0.21239774310639542,0.2625658629974853,0.5250363883081839
2012-05-14,2,0.11381377013724321,0.2921417743189171,0.5940444572435035
2012-05-21,2,0.12209623520154182,0.19917243868934836,0.6787313046537661
2012-05-28,2,0.10173683217644594,0.14698557934975037,0.7512775857729682
2012-06-04,1,0.18812602340084672,0.6021486469390893,0.209725340661312
2012-06-11,1,0.207011767552089,0.7109733483336353,0.08201487163455315
2012-06-18,0,0.5040230389262768,0.3246628657732128,0.17131412696547804
2012-06-25,1,0.2506272194795034,0.6354928995542795,0.11387987947610094
2012-07-02,1,0.32057490848802084,0.5275836778710387,0.1518414330124503
2012-07-09,1,0.30060423749612775,0.582461266644977,0.11693448021267605
2012-07-16,0,0.5581825606529214,0.3487176712675158,0.09309979932543525
2012-07-23,1,0.21465460662141553,0.5973949904322385,0.18795042865084913
2012-07-30,1,0.15438168265622734,0.7278286944797397,0.11778960223523809
2012-08-06,1,0.22899425605916682,0.6996668407705537,0.07133888081853781
2012-08-13,0,0.615900540113994,0.27149633694086545,0.11260314266589613
2012-08-20,1,0.24434391439238184,0.6272307415581903,0.12842532484089966
2012-08-27,0,0.5649660259784971,0.30680722824262796,0.128226734603004
2012-09-03,1,0.19344559715236526,0.6318883173889043,0.17466607651803376
2012-09-10,1,0.18844902890352822,0.752480604680242,0.05907036535685044
2012-09-17,1,0.3955733915788144,0.46705242474302067,0.13737418032540377
2012-09-24,1,0.17553869269364183,0.7258041274080316,0.09865716490403331
2012-10-01,1,0.25727913408166303,0.6586960656637876,0.08402480812422516
2012-10-08,1,0.2724361306908709,0.6355275543517986,0.09203630434025317
2012-10-15,1,0.22360469250629972,0.6620291688401926,0.11436615355466886
2012-10-22,1,0.4274536552342987,0.4368315713523116,0.13571475255176407
2012-10-29,1,0.19306634484777258,0.6919885959464949,0.11494505287273915
2012-11-05,1,0.23953820488316682,0.6836477959868663,0.0768139825524251
2012-11-12,1,0.3841449746743822,0.5331637175603079,0.0826912857860971
2012-11-19,1,0.23957954236820855,0.6522707069520312,0.1081497484445862
2012-11-26,1,0.2594182531193395,0.6341787826934887,0.1064029399727849
2012-12-03,0,0.48200059258450434,0.41376966080233607,0.10422973478536302
2012-12-10,1,0.21128606866405483,0.6822367980446251,0.10647712565447494
2012-12-17,1,0.21509276543460648,0.7106288883830192,0.07427835046645825
2012-12-24,1,0.20139731462675373,0.7135475348609326,0.08505514678702333
2012-12-31,1,0.2763605759269872,0.6270135843087818,0.09662581741248918
2013-01-07,1,0.2314842909661996,0.6781302819137778,0.09038542041450016
2013-01-14,1,0.2594434985885939,0.6136647742716118,0.12689171521886536
2013-01-21,1,0.2591021201032836,0.6487843230517274,0.09211356615821467
2013-01-28,1,0.21242377016441338,0.7061877588162192,0.08138843190381928
2013-02-04,1,0.21155081411359183,0.6823590555888039,0.1060901271311074
2013-02-11,1,0.20385412617228127,0.6984340850518685,0.09771177499227615
2013-02-18,1,0.19713462775033838,0.6879191659910979,0.11494619079860899
2013-02-25,1,0.22787856234259216,0.6697888966792558,0.10233255271281667
2013-03-04,1,0.2721004253836819,0.5861559424326153,0.1417436113220773
2013-03-11,1,0.2083459424187728,0.6500187540898285,0.1416353143878728
2013-03-18,1,0.2799948903682181,0.46302662457109134,0.2569784791002261
2013-03-25,2,0.0719171980292661,0.1226534747543319,0.8054293433282826
2013-04-01,2,0.20890054801899458,0.3673683861036044,0.42373105470153016
2013-04-08,2,0.15148330836971644,0.22876053466000695,0.6197561573428056
2013-04-15,1,0.23466005584976107,0.5261183568150469,0.23922160521658534
2013-04-22,1,0.18220422534733874,0.6074836620115498,0.21031210891582114
2013-04-29,1,0.2977244869764425,0.5806440320031209,0.12163149666665576
2013-05-06,1,0.22700485539327847,0.5202912458151923,0.25270387792990356
2013-05-13,0,0.4694625915449791,0.4331128342172409,0.09742455281736084
2013-05-20,2,0.23408021695904213,0.3722672458131865,0.3936525137584425
2013-05-27,2,0.22191288503171194,0.3216843542717059,0.45640273685472427
2013-06-03,2,0.20929266560017307,0.2745236365006769,0.5161836934288019
2013-06-10,2,0.1296089720580973,0.2192635731041997,0.651127460088034
2013-06-17,2,0.0521786653609563,0.09265504793141308,0.8551662517000882
2013-06-24,2,0.062451359083073255,0.09175401470806266,0.8457946316891153
2013-07-01,2,0.07055070721149567,0.13870392321845154,0.7907453794420721
2013-07-08,2,0.14521149447304038,0.14569373153835413,0.7090947826047944
2013-07-15,2,0.076677604149999,0.11946948053967703,0.8038529124028513
2013-07-22,2,0.14160493275129868,0.18705224945155852,0.6713427882587558
2013-07-29,2,0.15196149122957806,0.1841430029894835,0.6638954895759257
2013-08-05,1,0.14284466002942278,0.5170967428387213,0.3400586106011087
2013-08-12,0,0.47933699312753414,0.33682004032247953,0.18384296915768963
2013-08-19,2,0.35279747646879034,0.19809207776046517,0.449110475573067
2013-08-26,2,0.06660663179304628,0.1337355327749919,0.7996578175392907
2013-09-02,2,0.08802518203214792,0.44691343358447966,0.465061369252291
2013-09-09,0,0.5524455616130253,0.1646049035868467,0.2829495143110313
2013-09-16,0,0.5144640736382724,0.2261752034271844,0.25936073578679475
2013-09-23,2,0.16849268598431216,0.2893306608445424,0.542176635289752
2013-09-30,1,0.14889563880316845,0.524369862089894,0.3267345058124603
2013-10-07,1,0.22752539312119557,0.6182794898114139,0.15419510565868905
2013-10-14,1,0.20286909756844462,0.6067823789588045,0.19034851676722842
2013-10-21,0,0.6059685417162737,0.2648410077880965,0.1291904624165588
2013-10-28,0,0.49546696759556397,0.29270072933705665,0.21183230381243745
2013-11-04,1,0.23977570161386458,0.615381791114462,0.14484250773733479
2013-11-11,1,0.22427316104970937,0.6680255688061802,0.10770127275181351
2013-11-18,2,0.2323365937120983,0.2001921611913954,0.5674712398810999
2013-11-25,1,0.16370478276133918,0.5660173454194118,0.27027788674369324
2013-12-02,0,0.6226266452260013,0.236909226287569,0.14046410193910933
2013-12-09,1,0.3862331575901054,0.475680763510374,0.13808608336986888
2013-12-16,0,0.5083683451480308,0.33009703827112397,0.16153460764014876
2013-12-23,2,0.20518570818284712,0.21062542716106125,0.5841888735967883
2013-12-30,2,0.09882328274928906,0.14847846347196694,0.7526982503794166
2014-01-06,2,0.08520283817643645,0.13455421255149447,0.78024296181582
2014-01-13,0,0.5121493061926885,0.21927533344057748,0.2685753514260372
2014-01-20,1,0.2594274571214331,0.6332529464316149,0.10731962049835739
2014-01-27,0,0.6150542106787984,0.26130903358934565,0.12363676043503502
2014-02-03,1,0.193647859416884,0.5938012688637817,0.21255086941431092
2014-02-10,1,0.23567402915997068,0.6862777392713183,0.07804822281427888
2014-02-17,1,0.31074492594172043,0.5887413865152242,0.10051367609360858
2014-02-24,1,0.2386820644448354,0.6838351387612243,0.07748278244575199
2014-03-03,1,0.28952091474437014,0.5990527190066322,0.11142633979943672
2014-03-10,1,0.20672802902413728,0.6925945982561512,0.100677376340228
2014-03-17,1,0.20534642651977655,0.6798725847241082,0.11478097208544118
2014-03-24,1,0.2771837465100354,0.62685187710519,0.09596435738579416
2014-03-31,1,0.25879116450314665,0.6175977203378229,0.12361110936154755
2014-04-07,1,0.2572362394511981,0.6030771580080411,0.13968659583523807
2014-04-14,1,0.2442776953402641,0.5894717786003296,0.16625053872539336
2014-04-21,0,0.5059377211775746,0.37866503647790284,0.11539724606981294
2014-04-28,0,0.6248356052393728,0.2769697850731919,0.09819461446046343
2014-05-05,2,0.1903355599055307,0.3153302080120319,0.4943342499638308
2014-05-12,1,0.16582147814139422,0.6376064797213837,0.19657204459358546
2014-05-19,1,0.2869883937206964,0.6436474884073279,0.06936411659140704
2014-05-26,1,0.25199866607786603,0.6434425582969905,0.10455875550857596
2014-06-02,1,0.27370293644671856,0.6171363348915435,0.10916072568150574
2014-06-09,1,0.29121166727982406,0.6186480365265357,0.09014028352765348
2014-06-16,0,0.5686706758732512,0.3565817600521814,0.07474756571311318
2014-06-23,1,0.33350372187940935,0.5818967722695872,0.08459950086260677
2014-06-30,0,0.5860096734537301,0.3220500350745813,0.09194031285718314
2014-07-07,1,0.23176892092388926,0.6364907700907662,0.13174029706441562
2014-07-14,0,0.5528591685936556,0.3557676092759269,0.0913732282771466
2014-07-21,0,0.5754404515119086,0.2969402866369655,0.1276192607335388
2014-07-28,2,0.1754037936054244,0.3716590451269523,0.45293717765890074
2014-08-04,1,0.18172241239640421,0.6530159615998705,0.16526162861142857
2014-08-11,1,0.23570888734472667,0.6923465926922892,0.07194450627254223
2014-08-18,1,0.39876229252492623,0.531350021992611,0.06988768075945688
2014-08-25,0,0.6385464840055304,0.2768790006651358,0.08457450247708213
2014-09-01,1,0.18350675022073032,0.6706198123273494,0.14587343548450143
2014-09-08,1,0.19679451017795108,0.7374629060474813,0.06574260063150628
2014-09-15,0,0.5528878938072701,0.36433101448268607,0.08278108160519407
2014-09-22,1,0.24323690237112322,0.6887746983623615,0.06798838789564861
2014-09-29,0,0.4989838644603946,0.42462017668227714,0.07639594581881232
2014-10-06,0,0.5916454062194371,0.2615365036037095,0.14681807481003098
2014-10-13,1,0.2267501731624581,0.6782218295821597,0.095027973599789
2014-10-20,1,0.2662139645380132,0.645217397912971,0.08856862059894498
2014-10-27,1,0.3597529443474575,0.5267314498800281,0.11351561545826919
2014-11-03,1,0.20963423633607964,0.7063477987130323,0.08401797510230405
2014-11-10,1,0.2620821107377039,0.6598156663045301,0.07810222668305622
2014-11-17,0,0.5975269423505009,0.29798037657995485,0.10449268600555402
2014-11-24,0,0.6280549499829385,0.2990031463619921,0.07294189446990051
2014-12-01,1,0.28749443420352067,0.6249356549654915,0.08756991684966002
2014-12-08,1,0.2591813164139583,0.5290032171523954,0.21181545935559462
2014-12-15,2,0.13878769124349263,0.21390641951509354,0.6473058784380721
2014-12-22,1,0.14434812281704143,0.5519036647626563,0.30374819751914106
2014-12-29,0,0.5681881953729956,0.3264831027915323,0.10532868879695607
2015-01-05,2,0.2439307618796327,0.33290885928331704,0.42316039671844374
2015-01-12,1,0.23443501362748093,0.6163510858414106,0.1492139258630824
2015-01-19,0,0.5372897050724017,0.3288073857943039,0.13390290168271385
2015-01-26,1,0.18981332542919488,0.7167739222069581,0.09341275427305826
2015-02-02,1,0.33280089602123936,0.5619085194240511,0.10529059498552222
2015-02-09,1,0.2978387565202641,0.608105837885337,0.09405539292841184
2015-02-16,1,0.2817211978255204,0.6157240125477308,0.10255478049978746
2015-02-23,0,0.4919364008990554,0.37395859101112305,0.1341050051095894
2015-03-02,0,0.520104118389636,0.34574766747690167,0.13414818936028192
2015-03-09,0,0.4845223905432592,0.36579294725521944,0.14968465773117304
2015-03-16,1,0.23868077052969466,0.6125423917149432,0.14877684706858776
2015-03-23,0,0.5696580475126375,0.26906764517044734,0.16127433674670855
2015-03-30,1,0.1882034069791939,0.5774346482333111,0.23436194329737883
2015-04-06,0,0.5401713488873023,0.3414134441698228,0.1184151923211106
2015-04-13,0,0.4930716191899579,0.37522105629455327,0.13170731706490818
2015-04-20,1,0.2946925003159432,0.6099609894776566,0.095346495305239
2015-04-27,0,0.5395292837891994,0.31697399246628083,0.14349672467584224
2015-05-04,1,0.27377722295315676,0.6044052792095441,0.12181749895488621
2015-05-11,0,0.5183704744081404,0.36733448268599045,0.11429505221909489
2015-05-18,1,0.3104492804999076,0.5936170157326429,0.0959337171784947
2015-05-25,0,0.6011216058660155,0.31806837230396034,0.08081002481025634
2015-06-01,1,0.3887686297196196,0.4964897698540887,0.1147415747217887
2015-06-08,1,0.2854211654574016,0.6455439889886436,0.0690348576611482
2015-06-15,1,0.2899873328273627,0.6346605140778097,0.07535217395645338
2015-06-22,1,0.27630962898653244,0.6119150465580285,0.1117753170048584
2015-06-29,1,0.28412067242357447,0.6446735142444766,0.07120582003747142
2015-07-06,1,0.41741734599907565,0.45642881550768183,0.12615380794586212
2015-07-13,0,0.5140842593675069,0.38105153041513046,0.10486419978654989
2015-07-20,0,0.5490005979987476,0.3396767842889318,0.11132260532573038
2015-07-27,1,0.2973552088044681,0.49354597646611376,0.20909883261081158
2015-08-03,1,0.28900011206755966,0.6136443457256051,0.09735554947115135
2015-08-10,0,0.5666939906072682,0.3063644912955234,0.126941537096189
2015-08-17,1,0.2763510406846039,0.3873581927007293,0.3362907457530412
2015-08-24,2,0.13968127943419356,0.38419234750852965,0.4761263461420544
2015-08-31,1,0.414286542037474,0.4245210627736455,0.16119240412957708
2015-09-07,1,0.35588422294119276,0.5373436257900319,0.10677211848622077
2015-09-14,0,0.5843124163628711,0.2858596276185895,0.1298279527589104
2015-09-21,1,0.2504198505535312,0.6629833326111114,0.0865968090122479
2015-09-28,0,0.5750167155878634,0.326102175376718,0.09888108556608984
2015-10-05,0,0.5561648026430632,0.29883246905159855,0.14500273650097698
2015-10-12,1,0.4456010415279231,0.4462845539418317,0.10811441123576775
2015-10-19,1,0.4052047147783008,0.5166138496937867,0.078181441488377
2015-10-26,0,0.6379584104326609,0.2737211283398108,0.08832047905653483
2015-11-02,1,0.24270036772110748,0.6481596950092617,0.10913994472021123
2015-11-09,0,0.5112031424466335,0.381378508951137,0.10741835307257783
2015-11-16,1,0.2135720470014561,0.6692226878659069,0.11720528822943696
2015-11-23,0,0.6139474618861571,0.2995095336629671,0.08654301264651434
2015-11-30,0,0.5014316142901849,0.3313793266615283,0.16718907022415777
2015-12-07,1,0.2835202579626415,0.42574521242740493,0.29073450874832796
2015-12-14,2,0.14429325650916774,0.23383433517478996,0.621872403100636
2015-12-21,1,0.2974828634851402,0.5476656361521183,0.15485148397146434
2015-12-28,0,0.6052285532029626,0.2591587141463042,0.13561273041555885
2016-01-04,1,0.2844163289535852,0.43710625038884904,0.27847744449942385
2016-01-11,2,0.11862752945854742,0.3060572892047455,0.5753151633621816
2016-01-18,1,0.32603805089747606,0.5601254020113778,0.11383653796418491
2016-01-25,1,0.23834232980403872,0.6599967193533675,0.10166094697760526
2016-02-01,1,0.35334992321130404,0.5684194186286579,0.07823064698416722
2016-02-08,0,0.6079933994116187,0.2973465155409311,0.09466010725949359
2016-02-15,1,0.2564478109112893,0.6539282719900892,0.08962392706377316
2016-02-22,1,0.26875491987278266,0.6492471015280192,0.08199795679460833
2016-02-29,1,0.30404718165902067,0.6034380215956592,0.0925147796089848
2016-03-07,0,0.5386343484509609,0.34801467932030195,0.11335096496442103
2016-03-14,0,0.586498671535522,0.3226428804558038,0.09085841813650258
2016-03-21,1,0.3196383378215163,0.5625015721656523,0.11786008628754119
2016-03-28,1,0.43904575660377454,0.4547039270341358,0.10625032604784439
2016-04-04,0,0.5472941409882506,0.3368247026656778,0.11588113697456201
2016-04-11,1,0.2623363569990237,0.45810488495269164,0.2795587818901425
2016-04-18,1,0.2685857721687527,0.6008007110886238,0.13061349141064954
2016-04-25,1,0.29481011319988365,0.6231799136650716,0.08200995155164412
2016-05-02,1,0.30539568443169346,0.6067143975517213,0.08788992248693371
2016-05-09,0,0.47292147410296614,0.43763616409196154,0.08944235621713716
2016-05-16,1,0.3153634992198047,0.6023396052300999,0.08229689801810028
2016-05-23,1,0.2698375818250679,0.6491092334355564,0.08105319004791459
2016-05-30,1,0.2755366311310378,0.659389716158508,0.0650736445846649
2016-06-06,1,0.3075791980956428,0.6308762606445357,0.06154455939296301
2016-06-13,0,0.6247166442629262,0.2966585663710388,0.07862478368496736
2016-06-20,1,0.2343003651862187,0.669108573848407,0.0965910376823099
2016-06-27,1,0.24855778920989396,0.6506473182196915,0.10079490896169181
2016-07-04,0,0.5932651296982028,0.33813589081088224,0.0685989432508253
2016-07-11,1,0.36554946010614675,0.5722479614615492,0.06220258821119099
2016-07-18,0,0.4827768156140765,0.4301477633878655,0.0870754260271999
2016-07-25,1,0.21850115790850624,0.6636091790807067,0.11788967642183219
2016-08-01,0,0.47135090288411324,0.4622273969561125,0.06642171642299471
2016-08-08,0,0.5321847076448527,0.37910275146105527,0.0887125371688017
2016-08-15,0,0.5499920437682455,0.3586978909032136,0.0913100712890055
2016-08-22,0,0.5075357923920368,0.39403504051161875,0.09842917380186708
2016-08-29,0,0.5079686092978228,0.40681910845422353,0.085212292492502
2016-09-05,1,0.2666333188312861,0.4010676280440316,0.3322990680258435
2016-09-12,2,0.13023286885378269,0.1808046861013067,0.6889624207839576
2016-09-19,1,0.27179217854895305,0.6061713362229713,0.12203648001266945
2016-09-26,0,0.6008198790678065,0.29861289148220166,0.10056721506105806
2016-10-03,1,0.26582945695806426,0.6347156095114268,0.09945494377505729
2016-10-10,2,0.2727569436589209,0.31776639688141983,0.4094766548961786
2016-10-17,1,0.1545907270252039,0.5881372608462689,0.2572720147362304
2016-10-24,1,0.2931765670004678,0.6165433984973631,0.09028000963585645
2016-10-31,1,0.34290571152279437,0.575990699212686,0.0811035920584874
2016-11-07,0,0.5784712024135856,0.307843991055894,0.113684815098688
2016-11-14,1,0.27942097338004634,0.6213540488761033,0.09922495501957945
2016-11-21,1,0.25602460848630665,0.640684714645816,0.10329065973154199
2016-11-28,0,0.5813260348316638,0.3412194047153124,0.07745455616894006
2016-12-05,1,0.3434917684617754,0.5481822987483265,0.10832591528103383
2016-12-12,1,0.20046473965991457,0.6888540925125559,0.11068115646539423
2016-12-19,1,0.21516660800383575,0.6912480472615845,0.09358531642237347
2016-12-26,1,0.25126743397436063,0.6442703862024678,0.10446216901982966
2017-01-02,1,0.2738936121297112,0.6458220432841142,0.08028431338686835
2017-01-09,0,0.6353954333847966,0.2703358229545826,0.09426872587818023
2017-01-16,1,0.21085485622465727,0.6748317146580188,0.11431343843054968
2017-01-23,1,0.38286994146759096,0.5498074918445167,0.06732258554717481
2017-01-30,1,0.24547640018563155,0.6930913460873919,0.061432238406720116
2017-02-06,0,0.5418792717028145,0.3843357906340095,0.07378492956066961
2017-02-13,1,0.28012498408457365,0.6512847050421678,0.06859030824227227
2017-02-20,1,0.3008527975532084,0.6200215726232637,0.07912562842654405
2017-02-27,0,0.48624217141338766,0.452539946443134,0.061217879954870255
2017-03-06,0,0.5473731134233834,0.3907107488461371,0.06191612777696952
2017-03-13,1,0.26028037293886586,0.6276670143057134,0.11205262886730136
2017-03-20,0,0.4560159699244637,0.4344033764545401,0.10958065064076394
2017-03-27,0,0.5857435201539132,0.3518142963237364,0.06244220664243325
2017-04-03,0,0.5894015536085753,0.31742978542625655,0.09316865537723276
2017-04-10,0,0.5917433105410138,0.3481532935460933,0.06010338026667365
2017-04-17,1,0.36603066753078417,0.5579962730108804,0.0759730408318841
2017-04-24,1,0.237135070107482,0.6864108977083836,0.07645401905248625
2017-05-01,1,0.4682470824779103,0.47761548028515044,0.054137431672286795
2017-05-08,0,0.6131563804783944,0.31609987970344966,0.07074373399738995
2017-05-15,0,0.47998016694405765,0.4448438363458694,0.0751759967100731
2017-05-22,1,0.2523341692885313,0.6753607635394635,0.07230506735826978
2017-05-29,1,0.24313623678373894,0.6998415014524324,0.05702225561709965
2017-06-05,1,0.2759183690053911,0.6605764203866885,0.0635052145202029
2017-06-12,0,0.5831402271183274,0.34557672671740064,0.0712830527766623
2017-06-19,0,0.5612088943980147,0.3807769601815565,0.05801415786522668
2017-06-26,1,0.34008207064536305,0.603162311336575,0.05675561929280985
2017-07-03,0,0.48601215976052775,0.40950683409231364,0.10448096162993954
2017-07-10,1,0.4450916216029947,0.48072635526511753,0.07418203882467303
2017-07-17,1,0.30206520872091924,0.6405002934474548,0.057434516830606595
2017-07-24,0,0.5642022576381146,0.37164494715313146,0.06415278794443799
2017-07-31,1,0.3147858237583793,0.6292119566944996,0.056002230746274986
2017-08-07,1,0.3185264988856143,0.61309176686084,0.06838171801942912
2017-08-14,0,0.483202153917844,0.4360451705134574,0.08075268022531151
2017-08-21,0,0.5596189250502903,0.38368653855116835,0.05669454419254727
2017-08-28,1,0.3512668435444663,0.5924920832054713,0.056241059849567385
2017-09-04,1,0.31169444567171245,0.6289665506111715,0.05933900526543991
2017-09-11,1,0.2620342189984499,0.6753978497656238,0.0625679551476334
2017-09-18,1,0.4451451447444995,0.49121998144684,0.06363487855840563
2017-09-25,0,0.5846308116907004,0.35758381163174946,0.05778537635158722
2017-10-02,1,0.30500214147214705,0.6342461832354871,0.06075169205617209
2017-10-09,0,0.5396266259721523,0.3960643405176004,0.06430903162431914
2017-10-16,0,0.5483587467346774,0.3795599675525497,0.07208127658581154
2017-10-23,1,0.2431952832582999,0.6712196753854583,0.0855850199358225
2017-10-30,1,0.25875795044658056,0.6843857074172031,0.05685634377767266
2017-11-06,1,0.3132012908138158,0.6032543326019502,0.08354438626998875
2017-11-13,1,0.2924736858532082,0.628913006036453,0.07861327015894393
2017-11-20,1,0.2824003583627979,0.6432015282229777,0.07439812393816952
2017-11-27,1,0.40289198774241736,0.5091088895527804,0.08799911525422179
2017-12-04,1,0.3302767324793235,0.586414689134027,0.08330857708279789
2017-12-11,0,0.5963252360268811,0.3395545043576556,0.06412027796251794
2017-12-18,1,0.33449505894443715,0.5952747527922161,0.07023019757657246
2017-12-25,0,0.5078888921605357,0.42788976335517825,0.06422132511277645
2018-01-01,1,0.3745425885779727,0.5647136261455377,0.06074378238938969
2018-01-08,0,0.5057868035278392,0.4262706571858021,0.06794253015939741
2018-01-15,0,0.548121588960347,0.3902810894100555,0.06159731765983496
2018-01-22,0,0.5729817414545811,0.35950206547071034,0.06751620024589236
2018-01-29,1,0.29031718955046265,0.6321899275743241,0.07749288343400688
2018-02-05,1,0.289042375411196,0.6434266248891702,0.06753100118392918
2018-02-12,1,0.27760355439251316,0.6314794984211709,0.09091692520710305
2018-02-19,1,0.32291095622871735,0.6051401181106223,0.07194893171425723
2018-02-26,1,0.4174409903448149,0.49523689759392175,0.08732209660130863
2018-03-05,0,0.5282559804328171,0.3580590767871498,0.1136849733274135
2018-03-12,1,0.21873577581811174,0.6494812460191832,0.13178298859351795
2018-03-19,1,0.2531731365797603,0.6644864991214038,0.0823403538680232
2018-03-26,0,0.5870324086587266,0.3196494764568113,0.09331810333606225
2018-04-02,0,0.4506753828797846,0.4075070181889986,0.14181758403005557
2018-04-09,1,0.30957481925989216,0.4731918999465409,0.2172332748331025
2018-04-16,1,0.31848856627709876,0.610186051011023,0.07132539789243633
2018-04-23,0,0.5049475211125456,0.41963089089472405,0.07542155791101121
2018-04-30,0,0.5283882566059273,0.39300361723769023,0.07860812783276305
2018-05-07,0,0.4976318195689622,0.42694651150693713,0.0754216458273009
2018-05-14,1,0.31334855125416233,0.5997401126285926,0.08691134682745469
2018-05-21,1,0.3802400407510181,0.5331111025423863,0.08664886471596979
2018-05-28,1,0.322058857517035,0.5744290910725954,0.1035120789775178
2018-06-04,0,0.5492852574576659,0.3377228586275405,0.11299187683674213
2018-06-11,1,0.33507324046100134,0.5801084410478659,0.08481831048175881
2018-06-18,1,0.2680039994253235,0.3989856027720773,0.3330104097235283
2018-06-25,2,0.1459444167015282,0.2575287025939117,0.5965268754891537
2018-07-02,1,0.1582621114941497,0.47247894444827737,0.3692589174217473
2018-07-09,1,0.28667039575849146,0.5264961452796381,0.18683345747175445
2018-07-16,1,0.33740539346813164,0.5264538497047168,0.1361407534743902
2018-07-23,1,0.26995964760938496,0.5951680193031921,0.13487233345995192
2018-07-30,0,0.4657027347180251,0.45933007732817216,0.0749671768710641
2018-08-06,1,0.28866368938370657,0.6518105996291494,0.05952568105239928
2018-08-13,1,0.30304179924892266,0.6156407353995241,0.08131746125373382
2018-08-20,1,0.44567890405735433,0.4875446873973986,0.06677638980238033
2018-08-27,0,0.5720130447646115,0.3611994727211915,0.0667874847493711
2018-09-03,0,0.47196446916042356,0.46059606951976717,0.0674394803187898
2018-09-10,1,0.2534231329952682,0.659557050574365,0.08701980152920562
2018-09-17,1,0.299826643530983,0.6142311480064199,0.08594220008069405
2018-09-24,0,0.565385558996298,0.35577324274088196,0.07884118580638053
2018-10-01,0,0.598030872783171,0.3219887557380618,0.07998035415616726
2018-10-08,0,0.5412378980118709,0.29960276991891815,0.1591593454802561
2018-10-15,0,0.48539700275014824,0.37958110430826364,0.1350218754327236
2018-10-22,1,0.3412588072601518,0.42129453077894147,0.23744664407951332
2018-10-29,1,0.19429037035990537,0.5754853169397066,0.2302243264373959
2018-11-05,0,0.6046281160366697,0.30879656049205134,0.08657530838385336
2018-11-12,0,0.6251489890819408,0.29357214238768164,0.08127885502620016
2018-11-19,1,0.232869639890448,0.6466444000775645,0.12048595593416822
2018-11-26,1,0.25103472851611364,0.6532016680955166,0.09576361903458923
2018-12-03,1,0.2957874728196531,0.6260372512496535,0.07817530428946587
2018-12-10,0,0.5633837115183182,0.3570843523000907,0.07953192081476865
2018-12-17,0,0.5825931153539232,0.32767343482255423,0.0897334276580453
2018-12-24,0,0.5889332787898264,0.3279427237714144,0.08312396856775922
2018-12-31,0,0.5154064091210178,0.34819190635794306,0.1364016979320843
2019-01-07,1,0.2730447184752228,0.5987965349988433,0.12815874056546947
2019-01-14,1,0.28327085503085353,0.5950990781780087,0.12163006977136996
2019-01-21,1,0.2977294650809579,0.5912656127309086,0.11100493299147547
2019-01-28,1,0.2498194297163102,0.6691162849042726,0.08106429168330695
2019-02-04,1,0.22446558623507468,0.6934559714538419,0.08207841668661599
2019-02-11,1,0.3183352424797161,0.6103633738165467,0.07130138095633567
2019-02-18,0,0.6481479662527841,0.2862547239240024,0.06559732112714126
2019-02-25,1,0.3349777229056691,0.5973197085800839,0.06770253618352948
2019-03-04,1,0.2875937667097627,0.62948784565041,0.08291838638254188
2019-03-11,1,0.24999571088082492,0.6739320732182816,0.07607220165165822
2019-03-18,1,0.25053560396981517,0.6808843328081748,0.06858007151078095
2019-03-25,0,0.5733563151419316,0.3532167775061052,0.07342689624594154
2019-04-01,0,0.5807236302470629,0.3343673478007635,0.08490900928618668
2019-04-08,0,0.5972127065293986,0.33633953949326567,0.06644773209125521
2019-04-15,0,0.6633307557294991,0.2694614563664091,0.06720776145453079
2019-04-22,1,0.3414399309663233,0.5844359173535526,0.07412416034142397
2019-04-29,1,0.40126090192367136,0.5139582914120826,0.08478079334633304
2019-05-06,1,0.29186418575931916,0.6345397299924718,0.07359612483059026
2019-05-13,0,0.584229752186487,0.3447123300885438,0.07105792680536431
2019-05-20,0,0.48688711325904777,0.42446778709348987,0.08864508865785602
2019-05-27,0,0.5733953165598967,0.35425873343781344,0.0723459473945868
2019-06-03,1,0.395490986560064,0.5319814434393118,0.07252756180498576
2019-06-10,0,0.5930957239648518,0.34146087148706045,0.06544341737123568
2019-06-17,1,0.3609663337204908,0.5805230208231589,0.05851065723176012
2019-06-24,1,0.46048126656339405,0.47479960319974684,0.06471914112169168
2019-07-01,1,0.25587682162416436,0.6790100224373884,0.06511315055423872
2019-07-08,1,0.4198551245919281,0.4986129934157805,0.08153188329614305
2019-07-15,1,0.3179380900497424,0.6183991321369382,0.06366277813928228
2019-07-22,0,0.47028792653788887,0.46283917814672304,0.06687290318506382
2019-07-29,0,0.6085433776350206,0.3235367603885115,0.06791987664479845
2019-08-05,1,0.2783027361333679,0.6292585837032615,0.09243868165348688
2019-08-12,1,0.43986075513304146,0.45845698612083086,0.10168223937461814
2019-08-19,0,0.49882058085568515,0.35839362615275566,0.1427857751101657
2019-08-26,1,0.2485154930053805,0.6684687285982281,0.08301577334396645
2019-09-02,1,0.31065677550250076,0.6129535562898824,0.07638966145552822
2019-09-09,1,0.30574450321917324,0.6148044305144034,0.07945106151667838
2019-09-16,0,0.5123813621539791,0.393925446748763,0.0936931806664451
2019-09-23,0,0.5260949020091152,0.35820966272790855,0.11569543116515676
2019-09-30,0,0.5228741836629663,0.4080836227395145,0.0690421721771
2019-10-07,0,0.6090419355003928,0.3107113074699166,0.08024672792586027
2019-10-14,0,0.6424669181713414,0.2868345125424336,0.07069859200613023
2019-10-21,0,0.5391015293999738,0.38677139806060784,0.07412706592702811
2019-10-28,0,0.46428132886762424,0.4362719121337399,0.09944674577385529
2019-11-04,1,0.2674044268183333,0.6632043166942883,0.06939124894366565
2019-11-11,0,0.6318995571026061,0.29743643521821617,0.07066398065336099
2019-11-18,1,0.25137323408944845,0.636978930905202,0.11164781041843379
2019-11-25,1,0.31604828670906565,0.5981099056148966,0.08584179358978364
2019-12-02,0,0.580340810651307,0.31726813407178994,0.1023910468949999
2019-12-09,1,0.31802031152348303,0.5626185853837227,0.11936111650383936
2019-12-16,1,0.33525356017616115,0.5811689305665659,0.08357751521773735
2019-12-23,0,0.5640268810253235,0.34685305229995667,0.08912005549884897
2019-12-30,1,0.3569115140243144,0.5689210479552236,0.07416742654191125
2020-01-06,1,0.3018818786212264,0.6279066086688181,0.07021150078902652
2020-01-13,1,0.3046109319717285,0.606880750395367,0.08850832582854316
2020-01-20,1,0.4506841765466733,0.47761717184453517,0.07169866352972055
2020-01-27,0,0.5962651268592811,0.32752533994906957,0.07620951631142774
2020-02-03,1,0.2925751696442096,0.6235379744629094,0.08388685542721994
2020-02-10,1,0.35043065290576525,0.5676054702549983,0.08196385430123009
2020-02-17,0,0.5923157346512268,0.32456562110127374,0.08311865225687373
2020-02-24,2,0.22002869245561113,0.3577594092168307,0.4222119013077907
2020-03-02,2,0.05526997892213836,0.09945679968883656,0.8452731995804335
2020-03-09,2,0.22427009301212725,0.21197665146086558,0.5637532361554977
2020-03-16,2,0.04358428032741221,0.07525842090946333,0.8811572780167047
2020-03-23,2,0.06456730969862769,0.09010989577252937,0.8453227896393992
2020-03-30,2,0.12436715232992361,0.12611506187189647,0.7495177851404332
2020-04-06,2,0.15219958736089642,0.19508211371617906,0.6527183019264398
2020-04-13,2,0.11269649332634077,0.17499724371751701,0.7123062570942527
2020-04-20,1,0.24614899999987522,0.5971734879184677,0.15667751017826662
2020-04-27,1,0.21206589161158318,0.634822314291532,0.1531117746613468
2020-05-04,0,0.6050989845425401,0.2903916054649037,0.10450941204146605
2020-05-11,0,0.5867006354197443,0.2699242536589234,0.14337511911697098
2020-05-18,1,0.29887737350053667,0.5800539553057134,0.12106867813210327
2020-05-25,1,0.2557616238546244,0.6060026312674431,0.1382357498139421
2020-06-01,0,0.5595511008860786,0.25417088086123457,0.18627804209454482
2020-06-08,2,0.17522605260278307,0.1727720855271572,0.6520018389595245
2020-06-15,2,0.07824595318713674,0.11345333668685273,0.8083007085707121
2020-06-22,2,0.15912477733630814,0.1650985798274193,0.6757766258862017
2020-06-29,2,0.09657723705887179,0.15079742878972147,0.7526253387847366
2020-07-06,0,0.6483894813286976,0.17982172142281333,0.1717888054208446
2020-07-13,0,0.553030719917118,0.22643313563849482,0.22053614588793718
2020-07-20,1,0.27431297942296984,0.5878381450062047,0.1378488823956737
2020-07-27,0,0.6124000539464292,0.2757895440029792,0.11181037411091446
2020-08-03,0,0.539739682842496,0.3204243329997512,0.139835964599979
2020-08-10,0,0.5438543174772399,0.37059104983334556,0.08555464498287255
2020-08-17,0,0.7030772252696262,0.22007655712098556,0.07684618914475072
2020-08-24,1,0.24886172755268926,0.6643145234649106,0.08682370802749004
2020-08-31,0,0.598511088353364,0.3270763986539784,0.07441250741054303
2020-09-07,0,0.6500296647235373,0.2651448600280887,0.08482547175591439
2020-09-14,0,0.552862574404512,0.3373898253573287,0.10974759427769495
2020-09-21,2,0.2082188863263889,0.19650286556178562,0.5952782365110387
2020-09-28,1,0.1398519861767567,0.559172743243028,0.3009752431745933
2020-10-05,1,0.17353282143040002,0.6452122949008163,0.181254853447366
2020-10-12,0,0.5982442573341009,0.3123466633233261,0.08940905139580162
2020-10-19,1,0.24194003579054396,0.595805060445103,0.1622549108424046
2020-10-26,0,0.5493182310997733,0.2812449533472904,0.16943683585576857
2020-11-02,0,0.61918995009973,0.29337081202624693,0.08743925269951436
2020-11-09,0,0.4357403628806195,0.4350675969068587,0.1291920325058274
2020-11-16,1,0.27335241332283056,0.6238674398430613,0.10278016069917299
2020-11-23,1,0.2395691384673461,0.6700723202637607,0.0903585485332095
2020-11-30,1,0.18313923517204847,0.7148026943359531,0.10205804469436316
2020-12-07,1,0.20104023429246703,0.7021072781122255,0.0968524536835242
2020-12-14,0,0.6649190923220211,0.23107531065924994,0.10400559900943107
2020-12-21,2,0.28554596686022554,0.18354407582683446,0.5309099818998559
2020-12-28,2,0.3375262081778943,0.21334635163512167,0.44912742733473243
2021-01-04,2,0.10695550337309348,0.15383696817255568,0.7392075025403002
2021-01-11,1,0.15810791101796742,0.6011958125344161,0.24069626652903114
2021-01-18,1,0.23712139557403294,0.5807267941350396,0.1821518237019728
2021-01-25,2,0.19687533311764302,0.14934942417244712,0.6537752390762965
2021-02-01,1,0.18894245875259794,0.6489898101446051,0.16206772375025996
2021-02-08,0,0.6534186888286613,0.22860659884458587,0.11797471076013169
2021-02-15,1,0.21027442849002034,0.6205490500899034,0.1691764982301444
2021-02-22,1,0.2640603324185237,0.6135060509770933,0.12243362312364123
2021-03-01,0,0.5782864543364455,0.3187119421464976,0.10300158218976978
2021-03-08,1,0.2544250837401143,0.6602883791857117,0.08528651766291943
2021-03-15,1,0.21607239686611837,0.6767847888603381,0.10714279832464446
2021-03-22,0,0.6046882886009632,0.2829874125766473,0.11232429672691384
2021-03-29,0,0.5556584364410052,0.3621878581257267,0.08215370324465997
2021-04-05,0,0.6211681676113228,0.3024405353558463,0.07639130716969508
2021-04-12,1,0.22826401900956478,0.6517980187632788,0.11993793832418045
2021-04-19,0,0.5266912879337259,0.36332472428633167,0.10998400193604554
2021-04-26,1,0.2446595505869616,0.6549963425424922,0.10034409883788904
2021-05-03,1,0.26337239689910674,0.6437333513650227,0.09289424652046425
2021-05-10,2,0.18612042304734278,0.21747522720694024,0.5964043713553112
2021-05-17,1,0.16153281144398948,0.5820565611141022,0.2564106244616765
2021-05-24,1,0.23393109547627144,0.5827012507518463,0.18336766345763705
2021-05-31,1,0.22358228515856374,0.6702548269024273,0.10616288278181026
2021-06-07,1,0.28591601170032693,0.6192161747749572,0.09486781901369838
2021-06-14,0,0.550822474289438,0.35349923333318467,0.09567825740621481
2021-06-21,1,0.2517485631931654,0.6598211785142529,0.08843023038673764
2021-06-28,0,0.5541700713008513,0.3306636250357295,0.1151662816842067
2021-07-05,0,0.5361182392725528,0.339109855250473,0.12477189970277425
2021-07-12,1,0.22082188809009673,0.676242158001113,0.10293597160391925
2021-07-19,0,0.5012694116598172,0.41438597989443443,0.08434459654228171
2021-07-26,0,0.5389415130672165,0.3150422221922734,0.14601624574152966
2021-08-02,0,0.5728202573104925,0.30303404336826173,0.1241456821849107
2021-08-09,0,0.5501991746023442,0.30409768620789973,0.14570313742024335
2021-08-16,1,0.31352415332115424,0.5702156386270505,0.11626020581662103
2021-08-23,1,0.2984609568947159,0.6055653656638087,0.09597367772087226
2021-08-30,1,0.37627316057181165,0.4674286965323763,0.15629816785525696
2021-09-06,1,0.1986515430132108,0.7389938240901941,0.062354648679602456
2021-09-13,1,0.407051419363484,0.4848997418150597,0.10804883658628225
2021-09-20,1,0.2677278753404316,0.6587617814431851,0.07351032347234475
2021-09-27,0,0.6073490672532744,0.3103169222514207,0.08233399140319209
2021-10-04,1,0.2794279760473006,0.6316240152652807,0.08894799564890285
2021-10-11,1,0.2433331313320483,0.6954002231961058,0.06126660096044743
2021-10-18,1,0.43704666438919676,0.50216500049152,0.060788335794492124
2021-10-25,1,0.23490848154853414,0.6451427294806439,0.1199487609380125
2021-11-01,1,0.21327974014048828,0.6814238107701761,0.10529642212754713
2021-11-08,0,0.5759151497205449,0.3625054855111193,0.06157939517601779
2021-11-15,0,0.46923925750706647,0.43791715918280644,0.09284357511448846
2021-11-22,0,0.6081297211606275,0.30623749060635275,0.08563281449631657
2021-11-29,0,0.5038071702144544,0.3165288974111041,0.1796639323744415
2021-12-06,1,0.22027474531187963,0.6423077550024815,0.1374174985680518
2021-12-13,1,0.3182473562614936,0.6169737452587487,0.06477889883773492
2021-12-20,0,0.615591864933654,0.30635480540175253,0.07805332677749358
2021-12-27,1,0.2435453950170702,0.6757410040968751,0.08071360898856117
2022-01-03,1,0.2822800611402733,0.6675388864471302,0.050181047523152944
2022-01-10,0,0.5788671788099127,0.35262795553461107,0.06850487729700844
2022-01-17,0,0.4892349900010372,0.44258895845729535,0.06817607380609773
2022-01-24,1,0.3140294705491656,0.6189863843895538,0.06698414343146604
2022-01-31,1,0.27085361613988335,0.6592729885629559,0.0698733949100799
2022-02-07,1,0.3045604587950955,0.635090632453674,0.06034891426931682
2022-02-14,0,0.45480589436610475,0.45164962383265506,0.09354449744745974
2022-02-21,0,0.521070759993321,0.3604266586742299,0.11850257537198465
2022-02-28,0,0.5461862145510998,0.33344409671446285,0.12036968910696641
2022-03-07,1,0.38360710907227125,0.40497352597961334,0.21141933812602537
2022-03-14,1,0.18977051654334623,0.6307103602950761,0.1795191246516938
2022-03-21,1,0.29201895149047863,0.6297581772493434,0.07822284965349437
2022-03-28,1,0.3310054126274617,0.5836795815281233,0.085315005099357
2022-04-04,1,0.2649997152747855,0.6740019111655007,0.06099835127418335
2022-04-11,1,0.3337612787619599,0.5770245917739595,0.08921413728719024
2022-04-18,1,0.23715158595917774,0.6861647861611134,0.07668362638959271
2022-04-25,1,0.22872631098889484,0.7127225366187817,0.058551148061673566
2022-05-02,0,0.6586093368628517,0.2765697749031532,0.06482089438072401
2022-05-09,0,0.5485676619647659,0.3169261439340265,0.13450621943318158
2022-05-16,1,0.2937827337712565,0.5664856008660947,0.1397316489713714
2022-05-23,0,0.5040616732640257,0.4150395595890434,0.08089879578509983
2022-05-30,0,0.5507362944969892,0.37200501050034784,0.07725869593398556
2022-06-06,1,0.30128528939957516,0.6069112723387531,0.09180342485062667
2022-06-13,1,0.34244787785475295,0.4395045932100268,0.21804753787591694
2022-06-20,1,0.16423027796270268,0.5897913005208679,0.24597844014288062
2022-06-27,0,0.49232795596319906,0.43025964665565325,0.07741238163015456
2022-07-04,0,0.6590999126083733,0.2703990422074881,0.07050102767527425
2022-07-11,0,0.5657233583697763,0.3113616085504001,0.12291501333578492
2022-07-18,1,0.24035691497118833,0.6605433516334194,0.09909972827311826
2022-07-25,1,0.2730395990004378,0.650645787984441,0.07631460519201153
2022-08-01,1,0.2995013312119824,0.6070007031233089,0.09349795970424438
2022-08-08,1,0.4342947587011093,0.49377254986429586,0.0719326950667529
2022-08-15,0,0.47273336681312905,0.44616214206641525,0.08110449763971377
2022-08-22,1,0.3052649267752151,0.6358889831932351,0.05884606521180339
2022-08-29,0,0.5548366398429752,0.3854117770285656,0.05975158343113903
2022-09-05,1,0.3025261050571545,0.6252156895253334,0.0722581854872092
2022-09-12,0,0.521338292418461,0.41086848911567947,0.06779323329717139
2022-09-19,0,0.6086968591879368,0.2969260702875783,0.09437708356300097
2022-09-26,1,0.39914568688942353,0.5217298313317362,0.07912446566695966
2022-10-03,1,0.2534244208093117,0.642496638740489,0.10407893746996717
2022-10-10,1,0.2928849365438867,0.6107464217226649,0.09636866594783536
2022-10-17,1,0.2811383256450248,0.6373818414301214,0.08147981702834153
2022-10-24,0,0.5931975668223093,0.3338024738260312,0.07299996372887585
2022-10-31,0,0.6112899194280105,0.316264413121658,0.07244567997662028
2022-11-07,1,0.2913282463280259,0.6408850246920902,0.06778671978889429
2022-11-14,1,0.3136529141423494,0.6206488729556033,0.06569819474125714
2022-11-21,0,0.5681190695113483,0.34644531398630646,0.08543559908661331
2022-11-28,1,0.2559600117109052,0.684529697725395,0.05951029197523561
2022-12-05,0,0.4971959615531613,0.45094684492088355,0.05185720068549747
2022-12-12,1,0.4542497587180268,0.48757565840613637,0.058174588743168984
2022-12-19,1,0.36286555484868965,0.5773471003752535,0.059787342354618245
2022-12-26,1,0.2727446093054852,0.6593767370143786,0.06787866918665703
